UEN,ONLINE_PRESENCE_IND,CORPORATE_URL_IND,ECOM_REV,ECOM_REV_IND,TRUE_IE
00119300K,1.0,0.0,0.0,0.0,B
00277200X,1.0,1.0,250000.0,1.0,C
02484100E,1.0,1.0,0.0,0.0,B
03317900W,1.0,1.0,180000.0,1.0,C
03442400L,1.0,0.0,5000.0,1.0,C
04150900E,1.0,0.0,0.0,0.0,B
04702000L,1.0,1.0,500.0,1.0,C
04925100K,1.0,1.0,10000.0,1.0,C
05450000A,1.0,0.0,0.0,0.0,B
06000100C,1.0,1.0,1000000.0,1.0,C
06555200L,1.0,1.0,2060.0,1.0,C
06648100K,1.0,0.0,175000.0,1.0,C
06876400J,1.0,1.0,38000.0,1.0,C
07079700E,1.0,1.0,2000.0,1.0,C
07481100B,1.0,0.0,1.0,1.0,C
07537900K,1.0,0.0,0.0,0.0,B
07837300W,1.0,1.0,0.0,0.0,B
08661000K,1.0,0.0,0.0,0.0,B
08729000J,1.0,1.0,100000.0,1.0,C
08931100X,1.0,0.0,0.0,0.0,B
09010000W,1.0,0.0,0.0,0.0,B
09881100B,1.0,1.0,0.0,0.0,B
192600019W,1.0,1.0,0.0,0.0,B
195000080D,1.0,1.0,0.0,0.0,B
195000088K,1.0,1.0,0.0,0.0,B
195500035M,1.0,1.0,0.0,0.0,B
196100017Z,1.0,1.0,0.0,0.0,B
196200236G,1.0,1.0,0.0,0.0,B
196300127N,1.0,1.0,0.0,0.0,B
196300331K,1.0,1.0,63663.0,1.0,C
196400021W,1.0,1.0,0.0,0.0,B
196500324W,1.0,1.0,219000.0,1.0,C
196600206D,1.0,1.0,0.0,0.0,B
196600227Z,1.0,1.0,0.0,0.0,B
196700378M,1.0,1.0,0.0,0.0,B
196800629G,1.0,1.0,0.0,0.0,B
196900389D,1.0,1.0,1000.0,1.0,C
196900448R,1.0,1.0,135000.0,1.0,C
196900543R,1.0,1.0,0.0,0.0,B
196900561Z,1.0,1.0,0.0,0.0,B
196900658W,1.0,1.0,0.0,0.0,B
197000400K,1.0,1.0,0.0,0.0,B
197100270N,1.0,1.0,0.0,0.0,B
197101116E,1.0,1.0,0.0,0.0,B
197101145M,1.0,1.0,40425.0,1.0,C
197201203W,1.0,1.0,0.0,0.0,B
197201353R,1.0,1.0,2000.0,1.0,C
197301590G,1.0,1.0,0.0,0.0,B
197302096R,1.0,1.0,0.0,0.0,B
197302391E,1.0,1.0,0.0,0.0,B
197400001W,1.0,1.0,486244.0,1.0,C
197400546R,1.0,1.0,40000.0,1.0,C
197400832D,1.0,1.0,0.0,0.0,B
197400947E,1.0,1.0,0.0,0.0,B
197401152D,1.0,1.0,0.0,0.0,B
197401342Z,1.0,1.0,0.0,0.0,B
197401348E,1.0,1.0,0.0,0.0,B
197500055H,1.0,1.0,12000.0,1.0,C
197500361C,1.0,1.0,55000.0,1.0,C
197500842Z,1.0,1.0,5574.0,1.0,C
197500910N,1.0,1.0,29919.0,1.0,C
197501157C,1.0,1.0,0.0,0.0,B
197501716G,1.0,1.0,1.0,1.0,C
197502125W,1.0,1.0,0.0,0.0,B
197502186E,1.0,1.0,8768204.0,1.0,C
197600953C,1.0,1.0,130000.0,1.0,C
197600989E,1.0,1.0,0.0,0.0,B
197601737G,1.0,1.0,0.0,0.0,B
197602121W,1.0,1.0,0.0,0.0,B
197602274H,1.0,1.0,16.0,1.0,C
197602569N,1.0,1.0,5000.0,1.0,C
197700399N,1.0,1.0,0.0,0.0,B
197700430N,1.0,1.0,0.0,0.0,B
197700453M,1.0,1.0,0.0,0.0,B
197700475Z,1.0,1.0,0.0,0.0,B
197700527M,1.0,1.0,0.0,0.0,B
197700532K,1.0,1.0,0.0,0.0,B
197701165Z,1.0,1.0,660972.0,1.0,C
197701362R,1.0,0.0,1500000.0,1.0,C
197701851E,1.0,1.0,0.0,0.0,B
197701895Z,1.0,1.0,10000.0,1.0,C
197702531M,1.0,1.0,0.0,0.0,B
197702630R,1.0,1.0,1368.0,1.0,C
197702882K,1.0,1.0,0.0,0.0,B
197801109K,1.0,0.0,150000.0,1.0,C
197801482Z,1.0,1.0,50000.0,1.0,C
197801655D,1.0,1.0,0.0,0.0,B
197802430K,1.0,1.0,0.0,0.0,B
197802499E,1.0,1.0,0.0,0.0,B
197900124H,1.0,1.0,0.0,0.0,B
197900428R,1.0,1.0,0.0,0.0,B
197900507N,1.0,1.0,0.0,0.0,B
197900599K,1.0,1.0,0.0,0.0,B
197900760D,1.0,1.0,90000.0,1.0,C
197901344Z,1.0,1.0,2704000.0,1.0,C
197901352K,1.0,1.0,0.0,0.0,B
197901543W,1.0,1.0,0.0,0.0,B
197901976G,1.0,1.0,60000.0,1.0,C
197902131C,1.0,0.0,0.0,0.0,B
197902335N,1.0,1.0,22000.0,1.0,C
197903364W,1.0,1.0,0.0,0.0,B
197903621W,1.0,1.0,339289.0,1.0,C
197903704Z,1.0,1.0,112561.0,1.0,C
197903872C,1.0,1.0,3353.0,1.0,C
197903957E,1.0,1.0,0.0,0.0,B
198000416N,1.0,1.0,0.0,0.0,B
198000750D,1.0,1.0,0.0,0.0,B
198001122R,1.0,1.0,0.0,0.0,B
198001553D,1.0,0.0,3000.0,1.0,C
198001680D,1.0,1.0,0.0,0.0,B
198002293G,1.0,1.0,0.0,0.0,B
198002772D,1.0,1.0,50000.0,1.0,C
198002863R,1.0,1.0,0.0,0.0,B
198002999N,1.0,1.0,0.0,0.0,B
198003038M,1.0,1.0,0.0,0.0,B
198003192W,1.0,1.0,381854.0,1.0,C
198003640E,1.0,0.0,0.0,0.0,B
198003739E,1.0,1.0,695768.0,1.0,C
198100305Z,1.0,1.0,0.0,0.0,B
198100619Z,1.0,1.0,0.0,0.0,B
198100673K,1.0,1.0,0.0,0.0,B
198100891D,1.0,1.0,0.0,0.0,B
198100897H,1.0,1.0,172884.0,1.0,C
198101944D,1.0,1.0,0.0,0.0,B
198102315E,1.0,1.0,408392.0,1.0,C
198102429R,1.0,1.0,0.0,0.0,B
198102573H,1.0,1.0,0.0,0.0,B
198102594E,1.0,1.0,0.0,0.0,B
198102854W,1.0,1.0,0.0,0.0,B
198103682C,1.0,1.0,0.0,0.0,B
198104618N,1.0,1.0,30000000.0,1.0,C
198104636W,1.0,1.0,0.0,0.0,B
198104932W,1.0,0.0,0.0,0.0,B
198105013H,1.0,1.0,0.0,0.0,B
198200772W,1.0,1.0,0.0,0.0,B
198202503D,1.0,1.0,0.0,0.0,B
198202568N,1.0,1.0,0.0,0.0,B
198203250G,1.0,1.0,0.0,0.0,B
198204057K,1.0,1.0,0.0,0.0,B
198204911E,1.0,1.0,0.0,0.0,B
198300203K,1.0,1.0,0.0,0.0,B
198300394K,1.0,1.0,0.0,0.0,B
198301003W,1.0,1.0,0.0,0.0,B
198301491H,1.0,1.0,0.0,0.0,B
198301685H,1.0,1.0,0.0,0.0,B
198301802D,1.0,1.0,0.0,0.0,B
198301813G,1.0,1.0,0.0,0.0,B
198301849K,1.0,1.0,0.0,0.0,B
198301901G,1.0,1.0,0.0,0.0,B
198301974H,1.0,1.0,0.0,0.0,B
198302289K,1.0,1.0,0.0,0.0,B
198302782G,1.0,1.0,0.0,0.0,B
198302829C,1.0,1.0,28000000.0,1.0,C
198302982R,1.0,0.0,72000.0,1.0,C
198303071W,1.0,1.0,0.0,0.0,B
198303987G,1.0,1.0,3000.0,1.0,C
198304163W,1.0,1.0,0.0,0.0,B
198304576C,1.0,1.0,0.0,0.0,B
198304837E,1.0,1.0,0.0,0.0,B
198304879W,1.0,1.0,0.0,0.0,B
198305296Z,1.0,1.0,0.0,0.0,B
198305338Z,1.0,1.0,0.0,0.0,B
198305474C,1.0,1.0,0.0,0.0,B
198306044C,1.0,1.0,0.0,0.0,B
198306087E,1.0,1.0,0.0,0.0,B
198401297H,1.0,1.0,0.0,0.0,B
198401466H,1.0,0.0,0.0,0.0,B
198402561E,1.0,1.0,0.0,0.0,B
198402617C,1.0,1.0,200.0,1.0,C
198402708N,1.0,1.0,0.0,0.0,B
198402847H,1.0,1.0,0.0,0.0,B
198402866D,1.0,1.0,100.0,1.0,C
198402883R,1.0,1.0,0.0,0.0,B
198402921M,1.0,1.0,0.0,0.0,B
198403049K,1.0,1.0,0.0,0.0,B
198403067N,1.0,1.0,0.0,0.0,B
198403069R,1.0,0.0,0.0,0.0,B
198403070K,1.0,1.0,0.0,0.0,B
198403250N,1.0,1.0,0.0,0.0,B
198403411D,1.0,1.0,0.0,0.0,B
198403608R,1.0,1.0,0.0,0.0,B
198403735R,1.0,1.0,0.0,0.0,B
198404282K,1.0,1.0,0.0,0.0,B
198500162H,1.0,1.0,0.0,0.0,B
198500319K,1.0,1.0,0.0,0.0,B
198500438Z,1.0,1.0,0.0,0.0,B
198500558Z,1.0,1.0,0.0,0.0,B
198500992D,1.0,1.0,0.0,0.0,B
198500994E,1.0,1.0,1178178.0,1.0,C
198501019D,1.0,1.0,0.0,0.0,B
198501971D,1.0,1.0,0.0,0.0,B
198502476C,1.0,0.0,0.0,0.0,B
198600094W,1.0,1.0,1458000.0,1.0,C
198600410K,1.0,1.0,3000.0,1.0,C
198600470G,1.0,0.0,0.0,0.0,B
198600573N,1.0,1.0,0.0,0.0,B
198600978G,1.0,1.0,0.0,0.0,B
198601085M,1.0,1.0,0.0,0.0,B
198601496N,1.0,1.0,0.0,0.0,B
198602133W,1.0,1.0,246442.0,1.0,C
198602599W,1.0,1.0,109000.0,1.0,C
198700219D,1.0,1.0,0.0,0.0,B
198700485W,1.0,1.0,0.0,0.0,B
198701018Z,1.0,1.0,1260000.0,1.0,C
198701195D,1.0,1.0,0.0,0.0,B
198701264H,1.0,1.0,0.0,0.0,B
198701453N,1.0,1.0,0.0,0.0,B
198701916H,1.0,0.0,4551.0,1.0,C
198702125K,1.0,1.0,1300.0,1.0,C
198702783M,1.0,1.0,0.0,0.0,B
198702809K,1.0,1.0,1.0,1.0,C
198703252G,1.0,1.0,0.0,0.0,B
198800025G,1.0,1.0,0.0,0.0,B
198800388Z,1.0,1.0,0.0,0.0,B
198800546R,1.0,1.0,0.0,0.0,B
198801211R,1.0,1.0,0.0,0.0,B
198801314D,1.0,1.0,0.0,0.0,B
198801762D,1.0,1.0,1363986.0,1.0,C
198801769Z,1.0,1.0,200.0,1.0,C
198801965E,1.0,1.0,0.0,0.0,B
198802055W,1.0,1.0,0.0,0.0,B
198802093G,1.0,1.0,26700.0,1.0,C
198803534K,1.0,1.0,0.0,0.0,B
198803647K,1.0,1.0,0.0,0.0,B
198803822Z,1.0,1.0,0.0,0.0,B
198804063C,1.0,1.0,0.0,0.0,B
198804109E,1.0,1.0,0.0,0.0,B
198804175K,1.0,1.0,0.0,0.0,B
198804248Z,1.0,1.0,180.0,1.0,C
198804620E,1.0,1.0,500000.0,1.0,C
198900616R,1.0,1.0,26253.0,1.0,C
198900710E,1.0,1.0,300.0,1.0,C
198900842Z,1.0,1.0,0.0,0.0,B
198901365C,1.0,1.0,0.0,0.0,B
198901708R,1.0,1.0,2500.0,1.0,C
198901787G,1.0,1.0,0.0,0.0,B
198902476R,1.0,1.0,0.0,0.0,B
198902713K,1.0,1.0,0.0,0.0,B
198904891W,1.0,1.0,0.0,0.0,B
198904951C,1.0,1.0,0.0,0.0,B
199000435N,1.0,1.0,131597.0,1.0,C
199000818Z,1.0,1.0,0.0,0.0,B
199000936W,1.0,1.0,0.0,0.0,B
199001956Z,1.0,1.0,0.0,0.0,B
199002041W,1.0,1.0,380000.0,1.0,C
199002216D,1.0,1.0,0.0,0.0,B
199002323W,1.0,1.0,0.0,0.0,B
199003987C,1.0,1.0,0.0,0.0,B
199004158N,1.0,1.0,11333.0,1.0,C
199004718K,1.0,1.0,0.0,0.0,B
199005258E,1.0,1.0,3500000.0,1.0,C
199005279C,1.0,1.0,0.0,0.0,B
199005825C,1.0,1.0,13045350.0,1.0,C
199005920C,1.0,1.0,126000.0,1.0,C
199100396K,1.0,1.0,3600.0,1.0,C
199100470N,1.0,1.0,0.0,0.0,B
199101028R,1.0,1.0,200000.0,1.0,C
199101233D,1.0,1.0,0.0,0.0,B
199102042M,1.0,1.0,0.0,0.0,B
199102673H,1.0,1.0,0.0,0.0,B
199102813C,1.0,1.0,0.0,0.0,B
199102900K,1.0,1.0,0.0,0.0,B
199103660Z,1.0,1.0,0.0,0.0,B
199104341W,1.0,1.0,0.0,0.0,B
199104723M,1.0,1.0,0.0,0.0,B
199105193K,1.0,1.0,0.0,0.0,B
199105264W,1.0,1.0,3308000.0,1.0,C
199105423E,1.0,1.0,7207071.0,1.0,C
199105471G,1.0,1.0,0.0,0.0,B
199105738R,1.0,1.0,0.0,0.0,B
199106396H,1.0,1.0,0.0,0.0,B
199200444D,1.0,1.0,0.0,0.0,B
199201077M,1.0,1.0,0.0,0.0,B
199201083C,1.0,1.0,0.0,0.0,B
199201392G,1.0,1.0,0.0,0.0,B
199201393W,1.0,1.0,3841551.0,1.0,C
199201864D,1.0,1.0,0.0,0.0,B
199202190M,1.0,1.0,0.0,0.0,B
199202435N,1.0,1.0,219685.0,1.0,C
199202446W,1.0,1.0,0.0,0.0,B
199202468E,1.0,1.0,5000.0,1.0,C
199202749N,1.0,1.0,0.0,0.0,B
199202806E,1.0,1.0,0.0,0.0,B
199203118N,1.0,1.0,0.0,0.0,B
199203601W,1.0,1.0,0.0,0.0,B
199203870E,1.0,0.0,640.0,1.0,C
199204058G,1.0,1.0,4040043.0,1.0,C
199204265R,1.0,1.0,293000.0,1.0,C
199204270N,1.0,1.0,0.0,0.0,B
199204820W,1.0,1.0,0.0,0.0,B
199205595N,1.0,1.0,0.0,0.0,B
199205695H,1.0,0.0,1697000.0,1.0,C
199205826Z,1.0,1.0,170870.0,1.0,C
199205897Z,1.0,1.0,0.0,0.0,B
199206167R,1.0,0.0,0.0,0.0,B
199206293E,1.0,1.0,0.0,0.0,B
199207013K,1.0,1.0,0.0,0.0,B
199300094M,1.0,1.0,600000.0,1.0,C
199300580H,1.0,1.0,0.0,0.0,B
199300607W,1.0,1.0,0.0,0.0,B
199300971E,1.0,1.0,948316.0,1.0,C
199301697H,1.0,1.0,0.0,0.0,B
199302061N,1.0,1.0,0.0,0.0,B
199302257R,1.0,1.0,524000.0,1.0,C
199303043G,1.0,0.0,70000.0,1.0,C
199303792C,1.0,1.0,0.0,0.0,B
199304095H,1.0,1.0,0.0,0.0,B
199305188Z,1.0,1.0,0.0,0.0,B
199305487M,1.0,1.0,0.0,0.0,B
199305769M,1.0,1.0,0.0,0.0,B
199306560C,1.0,0.0,560769.0,1.0,C
199306766R,1.0,1.0,0.0,0.0,B
199307186K,1.0,1.0,0.0,0.0,B
199307306W,1.0,1.0,10519675.0,1.0,C
199307324C,1.0,1.0,1000.0,1.0,C
199307477M,1.0,1.0,0.0,0.0,B
199307558M,1.0,1.0,493853.0,1.0,C
199307784R,1.0,1.0,0.0,0.0,B
199307858R,1.0,1.0,0.0,0.0,B
199307984E,1.0,1.0,1000.0,1.0,C
199308618M,1.0,1.0,0.0,0.0,B
199400089W,1.0,1.0,0.0,0.0,B
199400853K,1.0,1.0,97277.0,1.0,C
199401223C,1.0,1.0,0.0,0.0,B
199401694Z,1.0,1.0,0.0,0.0,B
199402071K,1.0,1.0,0.0,0.0,B
199402122M,1.0,1.0,0.0,0.0,B
199402849R,1.0,1.0,0.0,0.0,B
199402970K,1.0,1.0,0.0,0.0,B
199403329N,1.0,1.0,0.0,0.0,B
199403408M,1.0,1.0,0.0,0.0,B
199403632N,1.0,1.0,0.0,0.0,B
199404329K,1.0,1.0,0.0,0.0,B
199404855W,1.0,1.0,0.0,0.0,B
199405143W,1.0,1.0,0.0,0.0,B
199405288W,1.0,1.0,0.0,0.0,B
199405743E,1.0,1.0,141853.0,1.0,C
199406070E,1.0,1.0,0.0,0.0,B
199406080W,1.0,1.0,463100.0,1.0,C
199407819Z,1.0,1.0,0.0,0.0,B
199408665G,1.0,0.0,145250.0,1.0,C
199500730C,1.0,1.0,0.0,0.0,B
199500854E,1.0,1.0,0.0,0.0,B
199500869M,1.0,1.0,0.0,0.0,B
199501391G,1.0,1.0,0.0,0.0,B
199501665R,1.0,1.0,100000.0,1.0,C
199502359Z,1.0,1.0,10000.0,1.0,C
199502725R,1.0,1.0,0.0,0.0,B
199502808W,1.0,1.0,0.0,0.0,B
199502850N,1.0,1.0,0.0,0.0,B
199502865C,1.0,1.0,0.0,0.0,B
199502929H,1.0,1.0,10000.0,1.0,C
199503031Z,1.0,1.0,0.0,0.0,B
199503555C,1.0,1.0,0.0,0.0,B
199503939W,1.0,1.0,0.0,0.0,B
199504043K,1.0,1.0,0.0,0.0,B
199504227W,1.0,1.0,0.0,0.0,B
199504499W,1.0,1.0,0.0,0.0,B
199504659R,1.0,1.0,0.0,0.0,B
199504716G,1.0,1.0,0.0,0.0,B
199505934R,1.0,1.0,0.0,0.0,B
199506082D,1.0,1.0,0.0,0.0,B
199506450C,1.0,0.0,3590636.0,1.0,C
199506942D,1.0,1.0,12975.0,1.0,C
199507032R,1.0,1.0,8680.0,1.0,C
199507267W,1.0,1.0,1000.0,1.0,C
199507752D,1.0,1.0,0.0,0.0,B
199507792N,1.0,1.0,0.0,0.0,B
199508445R,1.0,1.0,77000000.0,1.0,C
199508609W,1.0,1.0,0.0,0.0,B
199508776H,1.0,1.0,200000.0,1.0,C
199508876D,1.0,1.0,0.0,0.0,B
199600179G,1.0,0.0,0.0,0.0,B
199600436G,1.0,1.0,0.0,0.0,B
199600587R,1.0,1.0,4802000.0,1.0,C
199600802D,1.0,1.0,0.0,0.0,B
199600893H,1.0,1.0,0.0,0.0,B
199601111Z,1.0,1.0,0.0,0.0,B
199601433K,1.0,1.0,0.0,0.0,B
199601587M,1.0,1.0,0.0,0.0,B
199602067K,1.0,1.0,0.0,0.0,B
199602825N,1.0,1.0,10000.0,1.0,C
199603098R,1.0,1.0,0.0,0.0,B
199603280E,1.0,1.0,0.0,0.0,B
199603588R,1.0,1.0,0.0,0.0,B
199604035D,1.0,1.0,715762.0,1.0,C
199604793Z,1.0,1.0,0.0,0.0,B
199605750M,1.0,1.0,815430.0,1.0,C
199605817M,1.0,1.0,10000.0,1.0,C
199606128K,1.0,1.0,0.0,0.0,B
199607189N,1.0,1.0,0.0,0.0,B
199607754H,1.0,1.0,0.0,0.0,B
199607955H,1.0,1.0,0.0,0.0,B
199608197C,1.0,1.0,1200.0,1.0,C
199608497E,1.0,1.0,1025324.0,1.0,C
199608513N,1.0,1.0,0.0,0.0,B
199608555G,1.0,1.0,113000.0,1.0,C
199608584N,1.0,1.0,0.0,0.0,B
199608761E,1.0,1.0,0.0,0.0,B
199700781D,1.0,1.0,0.0,0.0,B
199700930W,1.0,1.0,150.0,1.0,C
199701092C,1.0,1.0,0.0,0.0,B
199701991C,1.0,1.0,50000.0,1.0,C
199702087Z,1.0,1.0,1900000.0,1.0,C
199703212C,1.0,1.0,0.0,0.0,B
199703431E,1.0,1.0,0.0,0.0,B
199704153E,1.0,1.0,0.0,0.0,B
199704283W,1.0,1.0,593601.0,1.0,C
199704355R,1.0,1.0,0.0,0.0,B
199704568K,1.0,1.0,30000.0,1.0,C
199705365E,1.0,1.0,0.0,0.0,B
199705497Z,1.0,1.0,0.0,0.0,B
199705529G,1.0,1.0,0.0,0.0,B
199706086N,1.0,1.0,13145.0,1.0,C
199706407C,1.0,1.0,56000000.0,1.0,C
199707349R,1.0,1.0,0.0,0.0,B
199707383C,1.0,1.0,0.0,0.0,B
199707854G,1.0,1.0,0.0,0.0,B
199707973R,1.0,1.0,0.0,0.0,B
199708105H,1.0,1.0,1000500.0,1.0,C
199708223G,1.0,1.0,109000.0,1.0,C
199800253W,1.0,1.0,0.0,0.0,B
199800341W,1.0,0.0,365647.0,1.0,C
199800723M,1.0,1.0,0.0,0.0,B
199801161K,1.0,1.0,4500000.0,1.0,C
199801563K,1.0,1.0,20194.0,1.0,C
199801784R,1.0,1.0,0.0,0.0,B
199802145E,1.0,1.0,0.0,0.0,B
199802595G,1.0,1.0,500.0,1.0,C
199802892W,1.0,0.0,70000.0,1.0,C
199803133G,1.0,1.0,0.0,0.0,B
199803308M,1.0,1.0,5000.0,1.0,C
199803403M,1.0,1.0,0.0,0.0,B
199803737W,1.0,1.0,0.0,0.0,B
199803859Z,1.0,1.0,0.0,0.0,B
199803872H,1.0,1.0,70000.0,1.0,C
199803934N,1.0,1.0,0.0,0.0,B
199804163C,1.0,1.0,1000.0,1.0,C
199804257G,1.0,1.0,0.0,0.0,B
199804271G,1.0,1.0,0.0,0.0,B
199804318C,1.0,0.0,96267.0,1.0,C
199804757Z,1.0,1.0,0.0,0.0,B
199805584M,1.0,1.0,0.0,0.0,B
199806384Z,1.0,1.0,0.0,0.0,B
199806419Z,1.0,1.0,4803.0,1.0,C
199900189K,1.0,1.0,0.0,0.0,B
199901701E,1.0,1.0,0.0,0.0,B
199901859K,1.0,0.0,0.0,0.0,B
199902026Z,1.0,0.0,0.0,0.0,B
199903253K,1.0,1.0,0.0,0.0,B
199905118M,1.0,1.0,100000.0,1.0,C
199905160H,1.0,1.0,800.0,1.0,C
199905164M,1.0,1.0,44782.0,1.0,C
199905434W,1.0,1.0,10000.0,1.0,C
199905498W,1.0,1.0,0.0,0.0,B
199905800N,1.0,1.0,0.0,0.0,B
199906237W,1.0,1.0,0.0,0.0,B
199906564G,1.0,1.0,0.0,0.0,B
199906709N,1.0,1.0,0.0,0.0,B
199907271Z,1.0,1.0,0.0,0.0,B
199907434K,1.0,1.0,5000.0,1.0,C
199907764M,1.0,1.0,9000.0,1.0,C
200000194K,1.0,1.0,0.0,0.0,B
200000552R,1.0,1.0,0.0,0.0,B
200001903W,1.0,1.0,2095471.0,1.0,C
200002009H,1.0,1.0,0.0,0.0,B
200002263H,1.0,1.0,63000.0,1.0,C
200002391Z,1.0,1.0,0.0,0.0,B
200003017R,1.0,1.0,0.0,0.0,B
200003047N,1.0,1.0,0.0,0.0,B
200003371K,1.0,1.0,0.0,0.0,B
200003832D,1.0,1.0,0.0,0.0,B
200003947E,1.0,1.0,0.0,0.0,B
200004062C,1.0,1.0,179000.0,1.0,C
200004201D,1.0,1.0,261000.0,1.0,C
200004310Z,1.0,1.0,0.0,0.0,B
200004371G,1.0,1.0,353.0,1.0,C
200005241K,1.0,1.0,0.0,0.0,B
200005311G,1.0,1.0,3000.0,1.0,C
200005742N,1.0,1.0,21997.0,1.0,C
200006547R,1.0,1.0,0.0,0.0,B
200006816K,1.0,0.0,0.0,0.0,B
200007340G,1.0,1.0,0.0,0.0,B
200007382Z,1.0,1.0,0.0,0.0,B
200008493N,1.0,1.0,0.0,0.0,B
200009228G,1.0,1.0,0.0,0.0,B
200009293C,1.0,1.0,1000000.0,1.0,C
200009481R,1.0,1.0,0.0,0.0,B
200010196K,1.0,1.0,10000.0,1.0,C
200010398C,1.0,1.0,0.0,0.0,B
200010460K,1.0,1.0,89000.0,1.0,C
200010500H,1.0,1.0,0.0,0.0,B
200100254W,1.0,1.0,22434.0,1.0,C
200100317N,1.0,1.0,0.0,0.0,B
200100390Z,1.0,1.0,0.0,0.0,B
200100395N,1.0,1.0,0.0,0.0,B
200100474M,1.0,1.0,0.0,0.0,B
200100542G,1.0,0.0,650000.0,1.0,C
200100683D,1.0,1.0,0.0,0.0,B
200100934N,1.0,1.0,0.0,0.0,B
200100973N,1.0,1.0,0.0,0.0,B
200101440G,1.0,1.0,0.0,0.0,B
200101606K,1.0,1.0,0.0,0.0,B
200101935C,1.0,1.0,2000.0,1.0,C
200102171H,1.0,1.0,0.0,0.0,B
200102292Z,1.0,1.0,0.0,0.0,B
200102490G,1.0,1.0,0.0,0.0,B
200102574Z,1.0,1.0,0.0,0.0,B
200102787N,1.0,1.0,0.0,0.0,B
200102907C,1.0,1.0,0.0,0.0,B
200104540K,1.0,1.0,0.0,0.0,B
200105053Z,1.0,1.0,0.0,0.0,B
200105494Z,1.0,1.0,0.0,0.0,B
200105710W,1.0,1.0,0.0,0.0,B
200105816W,1.0,1.0,0.0,0.0,B
200105913Z,1.0,1.0,0.0,0.0,B
200106194M,1.0,1.0,0.0,0.0,B
200106276D,1.0,1.0,10000.0,1.0,C
200106467K,1.0,1.0,10642.0,1.0,C
200106822D,1.0,1.0,1500.0,1.0,C
200107362W,1.0,1.0,0.0,0.0,B
200107549W,1.0,1.0,0.0,0.0,B
200107832M,1.0,0.0,0.0,0.0,B
200107882R,1.0,1.0,10000.0,1.0,C
200200350M,1.0,1.0,0.0,0.0,B
200200988E,1.0,1.0,0.0,0.0,B
200201132R,1.0,1.0,2000.0,1.0,C
200201620N,1.0,0.0,100000.0,1.0,C
200201798E,1.0,1.0,11889.0,1.0,C
200202075C,1.0,0.0,160000.0,1.0,C
200202548H,1.0,1.0,1800000.0,1.0,C
200202769N,1.0,1.0,0.0,0.0,B
200202889N,1.0,1.0,2791694.0,1.0,C
200203420W,1.0,1.0,0.0,0.0,B
200203920K,1.0,1.0,0.0,0.0,B
200203968H,1.0,1.0,0.0,0.0,B
200203984K,1.0,1.0,0.0,0.0,B
200204011N,1.0,1.0,0.0,0.0,B
200204075N,1.0,1.0,0.0,0.0,B
200204214R,1.0,1.0,0.0,0.0,B
200204810Z,1.0,1.0,0.0,0.0,B
200204909Z,1.0,1.0,0.0,0.0,B
200205026W,1.0,1.0,35000000.0,1.0,C
200206044W,1.0,1.0,0.0,0.0,B
200206385D,1.0,1.0,20000.0,1.0,C
200206434D,1.0,0.0,0.0,0.0,B
200206593D,1.0,1.0,0.0,0.0,B
200207414N,1.0,1.0,120.0,1.0,C
200207586Z,1.0,1.0,0.0,0.0,B
200207590G,1.0,1.0,1000.0,1.0,C
200207735N,1.0,1.0,0.0,0.0,B
200207969E,1.0,1.0,0.0,0.0,B
200207994H,1.0,1.0,10000.0,1.0,C
200208205Z,1.0,1.0,8150.0,1.0,C
200208754E,1.0,1.0,240000.0,1.0,C
200208843R,1.0,1.0,30000.0,1.0,C
200208890G,1.0,1.0,0.0,0.0,B
200208952M,1.0,1.0,65550.0,1.0,C
200209292W,1.0,1.0,1000.0,1.0,C
200209295K,1.0,1.0,0.0,0.0,B
200210406G,1.0,1.0,0.0,0.0,B
200210475E,1.0,1.0,0.0,0.0,B
200300061R,1.0,1.0,0.0,0.0,B
200300140N,1.0,0.0,18800.0,1.0,C
200300407D,1.0,1.0,0.0,0.0,B
200300816D,1.0,1.0,800000.0,1.0,C
200301505M,1.0,1.0,25.0,1.0,C
200301512M,1.0,1.0,12000.0,1.0,C
200301560N,1.0,0.0,0.0,0.0,B
200301594R,1.0,1.0,0.0,0.0,B
200301993D,1.0,1.0,5000.0,1.0,C
200302655G,1.0,1.0,0.0,0.0,B
200303076M,1.0,1.0,0.0,0.0,B
200303895D,1.0,1.0,0.0,0.0,B
200304100H,1.0,1.0,0.0,0.0,B
200304879W,1.0,1.0,300.0,1.0,C
200305530C,1.0,1.0,0.0,0.0,B
200306695D,1.0,1.0,0.0,0.0,B
200306724W,1.0,1.0,0.0,0.0,B
200306971W,1.0,1.0,1.0,1.0,C
200307044W,1.0,1.0,55000.0,1.0,C
200307467N,1.0,1.0,0.0,0.0,B
200307677R,1.0,1.0,0.0,0.0,B
200308503E,1.0,1.0,0.0,0.0,B
200308867H,1.0,1.0,50000.0,1.0,C
200309232E,1.0,1.0,0.0,0.0,B
200309367M,1.0,1.0,0.0,0.0,B
200309506N,1.0,1.0,7873414.0,1.0,C
200309720D,1.0,1.0,8000.0,1.0,C
200310022N,1.0,1.0,2192400.0,1.0,C
200310706N,1.0,0.0,51453730.0,1.0,C
200311146N,1.0,1.0,0.0,0.0,B
200311661W,1.0,1.0,76848.0,1.0,C
200311753C,1.0,1.0,200000.0,1.0,C
200312002C,1.0,1.0,0.0,0.0,B
200312013E,1.0,1.0,0.0,0.0,B
200312286R,1.0,1.0,0.0,0.0,B
200312402Z,1.0,1.0,250000.0,1.0,C
200312491D,1.0,1.0,2700000.0,1.0,C
200312963Z,1.0,1.0,920010.0,1.0,C
200313167D,1.0,1.0,0.0,0.0,B
200313280G,1.0,1.0,5000.0,1.0,C
200400062K,1.0,1.0,52000.0,1.0,C
200400940N,1.0,1.0,0.0,0.0,B
200401160Z,1.0,1.0,0.0,0.0,B
200401500C,1.0,1.0,0.0,0.0,B
200401812Z,1.0,1.0,0.0,0.0,B
200403002D,1.0,1.0,0.0,0.0,B
200403163E,1.0,1.0,0.0,0.0,B
200403199H,1.0,1.0,0.0,0.0,B
200403497K,1.0,1.0,0.0,0.0,B
200403975R,1.0,1.0,0.0,0.0,B
200404541M,1.0,1.0,0.0,0.0,B
200404708G,1.0,1.0,0.0,0.0,B
200404897E,1.0,1.0,0.0,0.0,B
200405971E,1.0,1.0,0.0,0.0,B
200406202C,1.0,1.0,0.0,0.0,B
200406522K,1.0,1.0,0.0,0.0,B
200406814D,1.0,1.0,10000.0,1.0,C
200406861N,1.0,1.0,28627.0,1.0,C
200406921W,1.0,1.0,0.0,0.0,B
200407521R,1.0,1.0,1000.0,1.0,C
200407539R,1.0,1.0,0.0,0.0,B
200408251G,1.0,1.0,984.0,1.0,C
200408968W,1.0,1.0,3728498.0,1.0,C
200409261R,1.0,0.0,480000.0,1.0,C
200409622N,1.0,1.0,507000.0,1.0,C
200409726M,1.0,1.0,0.0,0.0,B
200409897G,1.0,1.0,0.0,0.0,B
200409964K,1.0,1.0,0.0,0.0,B
200410424W,1.0,1.0,0.0,0.0,B
200410636C,1.0,1.0,0.0,0.0,B
200410721H,1.0,1.0,62000.0,1.0,C
200410980D,1.0,1.0,0.0,0.0,B
200411002H,1.0,1.0,21140.0,1.0,C
200411167N,1.0,1.0,0.0,0.0,B
200411192W,1.0,1.0,0.0,0.0,B
200411275Z,1.0,1.0,0.0,0.0,B
200411359M,1.0,1.0,500000.0,1.0,C
200411400E,1.0,0.0,3300000.0,1.0,C
200413100N,1.0,1.0,0.0,0.0,B
200413126E,1.0,1.0,21850403.0,1.0,C
200413487R,1.0,1.0,23843.0,1.0,C
200413856E,1.0,1.0,0.0,0.0,B
200413955H,1.0,1.0,46000.0,1.0,C
200414826D,1.0,0.0,10000.0,1.0,C
200415469E,1.0,1.0,0.0,0.0,B
200415517N,1.0,1.0,996800.0,1.0,C
200415668D,1.0,1.0,85000.0,1.0,C
200416235K,1.0,1.0,2936800.0,1.0,C
200416307H,1.0,1.0,0.0,0.0,B
200500025R,1.0,1.0,0.0,0.0,B
200500193W,1.0,1.0,0.0,0.0,B
200500743C,1.0,1.0,0.0,0.0,B
200500908N,1.0,1.0,0.0,0.0,B
200501334W,1.0,1.0,0.0,0.0,B
200501952H,1.0,1.0,500.0,1.0,C
200502076D,1.0,1.0,30000.0,1.0,C
200502211C,1.0,1.0,156000.0,1.0,C
200502269M,1.0,1.0,0.0,0.0,B
200502526M,1.0,0.0,553866.0,1.0,C
200502617E,1.0,1.0,0.0,0.0,B
200502660M,1.0,1.0,20000.0,1.0,C
200502661D,1.0,1.0,1000.0,1.0,C
200504426K,1.0,1.0,0.0,0.0,B
200504480C,1.0,1.0,0.0,0.0,B
200505003K,1.0,1.0,506000.0,1.0,C
200505581D,1.0,1.0,0.0,0.0,B
200506293K,1.0,1.0,0.0,0.0,B
200506343C,1.0,1.0,0.0,0.0,B
200506719G,1.0,1.0,0.0,0.0,B
200507097C,1.0,1.0,0.0,0.0,B
200507451D,1.0,1.0,0.0,0.0,B
200507512W,1.0,1.0,0.0,0.0,B
200507757M,1.0,1.0,78000.0,1.0,C
200508190R,1.0,1.0,0.0,0.0,B
200508486M,1.0,1.0,0.0,0.0,B
200508495N,1.0,1.0,0.0,0.0,B
200508522G,1.0,1.0,0.0,0.0,B
200508535M,1.0,1.0,0.0,0.0,B
200509198Z,1.0,1.0,0.0,0.0,B
200510133Z,1.0,1.0,0.0,0.0,B
200510324G,1.0,1.0,85000.0,1.0,C
200510441N,1.0,1.0,0.0,0.0,B
200510866M,1.0,1.0,32350.0,1.0,C
200511044E,1.0,1.0,0.0,0.0,B
200511778H,1.0,1.0,5000.0,1.0,C
200511952G,1.0,1.0,0.0,0.0,B
200512137R,1.0,1.0,0.0,0.0,B
200512150E,1.0,1.0,0.0,0.0,B
200512462D,1.0,1.0,0.0,0.0,B
200513017M,1.0,1.0,3000000.0,1.0,C
200513795N,1.0,1.0,0.0,0.0,B
200514775E,1.0,1.0,0.0,0.0,B
200514992G,1.0,1.0,10000.0,1.0,C
200515854Z,1.0,1.0,1000000.0,1.0,C
200517556K,1.0,1.0,0.0,0.0,B
200600021R,1.0,1.0,0.0,0.0,B
200600642Z,1.0,1.0,500.0,1.0,C
200600963Z,1.0,1.0,0.0,0.0,B
200601560E,1.0,1.0,0.0,0.0,B
200601647K,1.0,1.0,1000.0,1.0,C
200601718W,1.0,1.0,117460.0,1.0,C
200602059N,1.0,0.0,0.0,0.0,B
200602516D,1.0,0.0,318481.0,1.0,C
200603008R,1.0,1.0,0.0,0.0,B
200603081C,1.0,1.0,0.0,0.0,B
200603243C,1.0,1.0,0.0,0.0,B
200603617E,1.0,1.0,0.0,0.0,B
200604088N,1.0,1.0,0.0,0.0,B
200604835N,1.0,1.0,0.0,0.0,B
200604993D,1.0,1.0,0.0,0.0,B
200605274D,1.0,1.0,0.0,0.0,B
200605297C,1.0,1.0,0.0,0.0,B
200605309D,1.0,0.0,240500.0,1.0,C
200605635C,1.0,1.0,500.0,1.0,C
200605892N,1.0,1.0,0.0,0.0,B
200607061C,1.0,1.0,0.0,0.0,B
200607414H,1.0,1.0,990139.0,1.0,C
200608128W,1.0,1.0,0.0,0.0,B
200608250D,1.0,1.0,0.0,0.0,B
200608429M,1.0,1.0,50000.0,1.0,C
200608819W,1.0,0.0,10000.0,1.0,C
200609604W,1.0,1.0,3790.0,1.0,C
200609650W,1.0,1.0,0.0,0.0,B
200609670D,1.0,1.0,0.0,0.0,B
200610432R,1.0,1.0,1000.0,1.0,C
200610940Z,1.0,1.0,4000000.0,1.0,C
200612793Z,1.0,1.0,5047.0,1.0,C
200612905R,1.0,1.0,0.0,0.0,B
200613075K,1.0,1.0,0.0,0.0,B
200613149K,1.0,1.0,0.0,0.0,B
200613588H,1.0,1.0,0.0,0.0,B
200613685K,1.0,1.0,0.0,0.0,B
200615694E,1.0,1.0,0.0,0.0,B
200615858G,1.0,1.0,0.0,0.0,B
200615912E,1.0,1.0,0.0,0.0,B
200616738D,1.0,1.0,0.0,0.0,B
200617330N,1.0,0.0,500.0,1.0,C
200617543H,1.0,1.0,0.0,0.0,B
200617608G,1.0,1.0,0.0,0.0,B
200618667H,1.0,1.0,0.0,0.0,B
200619262M,1.0,1.0,16500.0,1.0,C
200619304M,1.0,1.0,0.0,0.0,B
200700015K,1.0,1.0,0.0,0.0,B
200701000Z,1.0,1.0,12829.0,1.0,C
200701096Z,1.0,1.0,0.0,0.0,B
200701352H,1.0,1.0,0.0,0.0,B
200701585H,1.0,1.0,0.0,0.0,B
200701672W,1.0,1.0,0.0,0.0,B
200701874H,1.0,1.0,0.0,0.0,B
200703692R,1.0,1.0,1139145.0,1.0,C
200703697K,1.0,1.0,66.0,1.0,C
200703844D,1.0,1.0,0.0,0.0,B
200704371M,1.0,1.0,0.0,0.0,B
200704641W,1.0,1.0,0.0,0.0,B
200705955N,1.0,1.0,0.0,0.0,B
200706061H,1.0,1.0,0.0,0.0,B
200706583H,1.0,1.0,0.0,0.0,B
200706659K,1.0,1.0,0.0,0.0,B
200706861E,1.0,1.0,0.0,0.0,B
200707022E,1.0,1.0,328000.0,1.0,C
200707768D,1.0,1.0,0.0,0.0,B
200708312M,1.0,1.0,0.0,0.0,B
200708401D,1.0,1.0,0.0,0.0,B
200708896K,1.0,1.0,1220540.0,1.0,C
200709743R,1.0,1.0,0.0,0.0,B
200710274D,1.0,1.0,0.0,0.0,B
200710503G,1.0,1.0,5000.0,1.0,C
200710552Z,1.0,1.0,0.0,0.0,B
200711648D,1.0,1.0,0.0,0.0,B
200711903C,1.0,1.0,0.0,0.0,B
200712143M,1.0,1.0,0.0,0.0,B
200712184N,1.0,1.0,0.0,0.0,B
200712213H,1.0,1.0,22000.0,1.0,C
200712278Z,1.0,1.0,572689.0,1.0,C
200712702W,1.0,1.0,100000.0,1.0,C
200712831Z,1.0,0.0,671896.0,1.0,C
200712995N,1.0,1.0,0.0,0.0,B
200713840W,1.0,1.0,0.0,0.0,B
200716305W,1.0,1.0,40000.0,1.0,C
200716535E,1.0,1.0,0.0,0.0,B
200716798D,1.0,1.0,12252.0,1.0,C
200717071R,1.0,1.0,0.0,0.0,B
200717347G,1.0,0.0,0.0,0.0,B
200717938M,1.0,1.0,100000.0,1.0,C
200718628M,1.0,1.0,0.0,0.0,B
200719042C,1.0,1.0,30000.0,1.0,C
200719492D,1.0,1.0,7633560.0,1.0,C
200720983E,1.0,1.0,0.0,0.0,B
200721495D,1.0,1.0,0.0,0.0,B
200721630C,1.0,1.0,0.0,0.0,B
200721716R,1.0,1.0,0.0,0.0,B
200722416H,1.0,1.0,0.0,0.0,B
200722921Z,1.0,1.0,0.0,0.0,B
200722991H,1.0,1.0,88540.0,1.0,C
200723020N,1.0,1.0,0.0,0.0,B
200723351G,1.0,1.0,0.0,0.0,B
200723733C,1.0,1.0,2192.0,1.0,C
200723806K,1.0,1.0,2699768.0,1.0,C
200800092D,1.0,1.0,0.0,0.0,B
200800276K,1.0,1.0,0.0,0.0,B
200800545E,1.0,1.0,1000.0,1.0,C
200800590N,1.0,1.0,0.0,0.0,B
200800964W,1.0,1.0,0.0,0.0,B
200801414W,1.0,1.0,0.0,0.0,B
200801778C,1.0,1.0,0.0,0.0,B
200801779M,1.0,1.0,0.0,0.0,B
200802000Z,1.0,1.0,0.0,0.0,B
200802229M,1.0,1.0,2000.0,1.0,C
200803469H,1.0,1.0,0.0,0.0,B
200803661K,1.0,1.0,0.0,0.0,B
200803726H,1.0,1.0,0.0,0.0,B
200803898N,1.0,1.0,0.0,0.0,B
200804110Z,1.0,1.0,0.0,0.0,B
200804658K,1.0,1.0,68000.0,1.0,C
200806430C,1.0,1.0,15000.0,1.0,C
200806533H,1.0,1.0,0.0,0.0,B
200806985M,1.0,1.0,0.0,0.0,B
200807263Z,1.0,1.0,20000.0,1.0,C
200807483N,1.0,1.0,286.0,1.0,C
200807687G,1.0,1.0,0.0,0.0,B
200808463E,1.0,0.0,600000.0,1.0,C
200808770H,1.0,1.0,12000.0,1.0,C
200808842G,1.0,1.0,1400000.0,1.0,C
200809922M,1.0,1.0,135000.0,1.0,C
200810149H,1.0,1.0,12904.0,1.0,C
200810401N,1.0,1.0,0.0,0.0,B
200810692H,1.0,1.0,0.0,0.0,B
200811243N,1.0,1.0,0.0,0.0,B
200811501E,1.0,1.0,0.0,0.0,B
200811531D,1.0,1.0,0.0,0.0,B
200811908Z,1.0,0.0,22732.0,1.0,C
200812226W,1.0,0.0,2000.0,1.0,C
200812807K,1.0,1.0,0.0,0.0,B
200813244W,1.0,1.0,0.0,0.0,B
200814250D,1.0,1.0,945118.0,1.0,C
200814634Z,1.0,1.0,0.0,0.0,B
200814755K,1.0,1.0,63114.0,1.0,C
200815115H,1.0,1.0,1354.0,1.0,C
200815216N,1.0,1.0,0.0,0.0,B
200815448D,1.0,1.0,160.0,1.0,C
200815573C,1.0,1.0,0.0,0.0,B
200815778E,1.0,1.0,0.0,0.0,B
200816449K,1.0,1.0,455831.0,1.0,C
200816950W,1.0,1.0,0.0,0.0,B
200817123M,1.0,1.0,12682.0,1.0,C
200817380E,1.0,0.0,6000.0,1.0,C
200817390W,1.0,1.0,0.0,0.0,B
200817921G,1.0,1.0,0.0,0.0,B
200817995Z,1.0,1.0,250670.0,1.0,C
200819216Z,1.0,1.0,0.0,0.0,B
200819941E,1.0,1.0,0.0,0.0,B
200820401M,1.0,1.0,0.0,0.0,B
200820962M,1.0,1.0,10000.0,1.0,C
200821158E,1.0,1.0,2000.0,1.0,C
200821208R,1.0,1.0,805085.0,1.0,C
200821394C,1.0,1.0,0.0,0.0,B
200821927M,1.0,1.0,142167.0,1.0,C
200822303M,1.0,1.0,0.0,0.0,B
200822945M,1.0,1.0,5000.0,1.0,C
200823206G,1.0,1.0,10000.0,1.0,C
200900509C,1.0,0.0,75000.0,1.0,C
200901133M,1.0,1.0,0.0,0.0,B
200901142N,1.0,1.0,0.0,0.0,B
200901437Z,1.0,1.0,0.0,0.0,B
200901598C,1.0,1.0,0.0,0.0,B
200902698M,1.0,1.0,0.0,0.0,B
200902816W,1.0,0.0,625110.0,1.0,C
200903063H,1.0,1.0,190000.0,1.0,C
200904283Z,1.0,1.0,0.0,0.0,B
200904435G,1.0,1.0,123800.0,1.0,C
200904518H,1.0,1.0,0.0,0.0,B
200904777D,1.0,1.0,1322780.0,1.0,C
200905004R,1.0,1.0,0.0,0.0,B
200905389R,1.0,1.0,10000.0,1.0,C
200905743W,1.0,1.0,20397.0,1.0,C
200906386Z,1.0,1.0,500.0,1.0,C
200906841G,1.0,1.0,0.0,0.0,B
200908600H,1.0,0.0,0.0,0.0,B
200909061E,1.0,1.0,120000.0,1.0,C
200909244C,1.0,1.0,0.0,0.0,B
200909633R,1.0,1.0,21000.0,1.0,C
200909837H,1.0,1.0,0.0,0.0,B
200910074C,1.0,1.0,0.0,0.0,B
200911748E,1.0,1.0,544000.0,1.0,C
200911749R,1.0,1.0,220000.0,1.0,C
200911754N,1.0,1.0,662000.0,1.0,C
200912010N,1.0,1.0,3519107.0,1.0,C
200913474H,1.0,1.0,0.0,0.0,B
200914926R,1.0,0.0,295279.0,1.0,C
200915268D,1.0,1.0,6770.0,1.0,C
200915417W,1.0,1.0,180000.0,1.0,C
200915437D,1.0,1.0,3000.0,1.0,C
200915808N,1.0,1.0,0.0,0.0,B
200915963K,1.0,1.0,393752.0,1.0,C
200916170K,1.0,1.0,188586.0,1.0,C
200916292M,1.0,1.0,0.0,0.0,B
200916374D,1.0,1.0,1.0,1.0,C
200916410W,1.0,1.0,0.0,0.0,B
200916502C,1.0,1.0,0.0,0.0,B
200916504D,1.0,1.0,100000.0,1.0,C
200917249C,1.0,1.0,0.0,0.0,B
200917468E,1.0,0.0,0.0,0.0,B
200920028Z,1.0,1.0,0.0,0.0,B
200920125C,1.0,1.0,0.0,0.0,B
200920689N,1.0,1.0,0.0,0.0,B
200921188G,1.0,1.0,10783.0,1.0,C
200921349R,1.0,1.0,0.0,0.0,B
200921630H,1.0,1.0,0.0,0.0,B
200921633C,1.0,1.0,200000.0,1.0,C
200922191Z,1.0,1.0,0.0,0.0,B
200922655E,1.0,1.0,0.0,0.0,B
200923943K,1.0,1.0,0.0,0.0,B
200924064M,1.0,1.0,0.0,0.0,B
200924211E,1.0,1.0,0.0,0.0,B
201000015K,1.0,1.0,0.0,0.0,B
201000275R,1.0,1.0,0.0,0.0,B
201001004D,1.0,1.0,0.0,0.0,B
201001399R,1.0,1.0,0.0,0.0,B
201001936N,1.0,1.0,48000.0,1.0,C
201002080W,1.0,1.0,100000.0,1.0,C
201002108W,1.0,1.0,0.0,0.0,B
201002137E,1.0,1.0,0.0,0.0,B
201002949R,1.0,1.0,0.0,0.0,B
201003205R,1.0,1.0,0.0,0.0,B
201003358G,1.0,1.0,0.0,0.0,B
201003603M,1.0,1.0,0.0,0.0,B
201003712H,1.0,1.0,0.0,0.0,B
201003919N,1.0,1.0,229534.0,1.0,C
201004031W,1.0,1.0,0.0,0.0,B
201004384W,1.0,1.0,0.0,0.0,B
201004553W,1.0,1.0,0.0,0.0,B
201005559Z,1.0,1.0,0.0,0.0,B
201005594R,1.0,1.0,12000.0,1.0,C
201006126G,1.0,1.0,0.0,0.0,B
201006538Z,1.0,1.0,0.0,0.0,B
201006965D,1.0,1.0,2000.0,1.0,C
201006984W,1.0,1.0,0.0,0.0,B
201007385W,1.0,0.0,0.0,0.0,B
201007971H,1.0,1.0,409000.0,1.0,C
201008220H,1.0,1.0,481870.0,1.0,C
201008781H,1.0,1.0,0.0,0.0,B
201008943H,1.0,1.0,0.0,0.0,B
201009181W,1.0,1.0,0.0,0.0,B
201009182H,1.0,1.0,0.0,0.0,B
201009444D,1.0,1.0,0.0,0.0,B
201010283E,1.0,1.0,0.0,0.0,B
201012660W,1.0,1.0,0.0,0.0,B
201012820R,1.0,1.0,234782.0,1.0,C
201013506H,1.0,1.0,0.0,0.0,B
201013702N,1.0,1.0,0.0,0.0,B
201014104E,1.0,1.0,0.0,0.0,B
201014661C,1.0,1.0,0.0,0.0,B
201014782M,1.0,1.0,0.0,0.0,B
201015096D,1.0,1.0,300000.0,1.0,C
201015363R,1.0,1.0,0.0,0.0,B
201015365W,1.0,1.0,0.0,0.0,B
201015569K,1.0,0.0,495468.0,1.0,C
201015809W,1.0,1.0,13452.0,1.0,C
201017271E,1.0,1.0,3000.0,1.0,C
201017672N,1.0,1.0,0.0,0.0,B
201017676W,1.0,1.0,0.0,0.0,B
201017692Z,1.0,1.0,0.0,0.0,B
201017799K,1.0,1.0,0.0,0.0,B
201018034N,1.0,1.0,0.0,0.0,B
201019043M,1.0,1.0,389681.0,1.0,C
201019101N,1.0,1.0,0.0,0.0,B
201019115K,1.0,1.0,0.0,0.0,B
201019956H,1.0,1.0,0.0,0.0,B
201021203W,1.0,1.0,0.0,0.0,B
201021599C,1.0,1.0,22945.0,1.0,C
201021623C,1.0,1.0,0.0,0.0,B
201023555Z,1.0,1.0,500000.0,1.0,C
201026195C,1.0,1.0,0.0,0.0,B
201026419G,1.0,1.0,0.0,0.0,B
201026726K,1.0,1.0,886.0,1.0,C
201027454Z,1.0,1.0,8000.0,1.0,C
201100168E,1.0,1.0,0.0,0.0,B
201100612H,1.0,1.0,0.0,0.0,B
201100734K,1.0,1.0,0.0,0.0,B
201101058N,1.0,1.0,0.0,0.0,B
201101399Z,1.0,1.0,5000.0,1.0,C
201102468C,1.0,1.0,0.0,0.0,B
201102569G,1.0,1.0,1885084.0,1.0,C
201102757C,1.0,1.0,120000.0,1.0,C
201103006C,1.0,1.0,0.0,0.0,B
201103125K,1.0,1.0,0.0,0.0,B
201103134M,1.0,1.0,0.0,0.0,B
201103911K,1.0,1.0,300000.0,1.0,C
201104713Z,1.0,1.0,0.0,0.0,B
201104902E,1.0,1.0,0.0,0.0,B
201104967R,1.0,1.0,305684.0,1.0,C
201104988M,1.0,1.0,0.0,0.0,B
201105045N,1.0,1.0,0.0,0.0,B
201105108K,1.0,1.0,0.0,0.0,B
201105459H,1.0,1.0,0.0,0.0,B
201105990N,1.0,1.0,600.0,1.0,C
201106206Z,1.0,1.0,0.0,0.0,B
201107200K,1.0,1.0,0.0,0.0,B
201107952W,1.0,1.0,0.0,0.0,B
201107996M,1.0,1.0,0.0,0.0,B
201108123K,1.0,1.0,0.0,0.0,B
201108223E,1.0,1.0,300000.0,1.0,C
201108577R,1.0,1.0,0.0,0.0,B
201108774M,1.0,1.0,0.0,0.0,B
201109115R,1.0,1.0,154000.0,1.0,C
201109585D,1.0,1.0,103.0,1.0,C
201109798W,1.0,1.0,0.0,0.0,B
201110160R,1.0,1.0,0.0,0.0,B
201110936Z,1.0,1.0,100000.0,1.0,C
201111123N,1.0,0.0,2398.0,1.0,C
201112057W,1.0,1.0,0.0,0.0,B
201112576E,1.0,1.0,40000.0,1.0,C
201112777E,1.0,1.0,0.0,0.0,B
201113657C,1.0,1.0,0.0,0.0,B
201113837E,1.0,1.0,400000.0,1.0,C
201115304N,1.0,1.0,0.0,0.0,B
201115411H,1.0,1.0,0.0,0.0,B
201115495N,1.0,1.0,0.0,0.0,B
201115519K,1.0,1.0,202646.0,1.0,C
201115954E,1.0,1.0,222000.0,1.0,C
201116296M,1.0,1.0,490000.0,1.0,C
201116388R,1.0,1.0,0.0,0.0,B
201116417K,1.0,1.0,0.0,0.0,B
201116973R,1.0,1.0,0.0,0.0,B
201117361K,1.0,0.0,128793.0,1.0,C
201117968N,1.0,1.0,0.0,0.0,B
201118439K,1.0,1.0,0.0,0.0,B
201118483H,1.0,1.0,0.0,0.0,B
201118713D,1.0,1.0,405000.0,1.0,C
201119083G,1.0,1.0,0.0,0.0,B
201119174Z,1.0,1.0,0.0,0.0,B
201119374H,1.0,1.0,0.0,0.0,B
201120216K,1.0,1.0,0.0,0.0,B
201120235E,1.0,1.0,0.0,0.0,B
201120632K,1.0,1.0,200000.0,1.0,C
201127932H,1.0,1.0,3000.0,1.0,C
201129236D,1.0,1.0,0.0,0.0,B
201129634Z,1.0,1.0,2802829.0,1.0,C
201129679E,1.0,1.0,0.0,0.0,B
201129820M,1.0,1.0,0.0,0.0,B
201129878D,1.0,1.0,0.0,0.0,B
201129888R,1.0,1.0,41555.0,1.0,C
201130165G,1.0,1.0,0.0,0.0,B
201131379H,1.0,0.0,0.0,0.0,B
201131994G,1.0,1.0,0.0,0.0,B
201132114E,1.0,1.0,0.0,0.0,B
201132232D,1.0,1.0,0.0,0.0,B
201132304C,1.0,1.0,3996390.0,1.0,C
201133224H,1.0,1.0,0.0,0.0,B
201133472Z,1.0,1.0,0.0,0.0,B
201133742E,1.0,1.0,0.0,0.0,B
201133759N,1.0,1.0,0.0,0.0,B
201134549H,1.0,1.0,2500000.0,1.0,C
201134759K,1.0,1.0,0.0,0.0,B
201134850G,1.0,1.0,49004.0,1.0,C
201135100W,1.0,1.0,5000.0,1.0,C
201135261Z,1.0,1.0,0.0,0.0,B
201135666M,1.0,1.0,0.0,0.0,B
201136382G,1.0,1.0,0.0,0.0,B
201200598E,1.0,1.0,0.0,0.0,B
201200790G,1.0,1.0,0.0,0.0,B
201201061N,1.0,1.0,0.0,0.0,B
201202293Z,1.0,1.0,0.0,0.0,B
201202640C,1.0,1.0,0.0,0.0,B
201202990H,1.0,1.0,1000.0,1.0,C
201203250M,1.0,1.0,0.0,0.0,B
201203551G,1.0,1.0,0.0,0.0,B
201203669C,1.0,1.0,0.0,0.0,B
201203670R,1.0,1.0,829573.0,1.0,C
201203793H,1.0,1.0,0.0,0.0,B
201203811Z,1.0,0.0,300.0,1.0,C
201204099H,1.0,1.0,0.0,0.0,B
201204238K,1.0,1.0,0.0,0.0,B
201205041N,1.0,1.0,0.0,0.0,B
201205292W,1.0,1.0,0.0,0.0,B
201206080K,1.0,1.0,0.0,0.0,B
201206677C,1.0,1.0,7702.0,1.0,C
201206949H,1.0,1.0,0.0,0.0,B
201207391N,1.0,1.0,0.0,0.0,B
201208315M,1.0,1.0,0.0,0.0,B
201208458K,1.0,1.0,0.0,0.0,B
201208654R,1.0,1.0,0.0,0.0,B
201209202H,1.0,1.0,0.0,0.0,B
201209701K,1.0,1.0,0.0,0.0,B
201209724H,1.0,1.0,790000.0,1.0,C
201211141C,1.0,1.0,876777.0,1.0,C
201211499R,1.0,1.0,0.0,0.0,B
201211599K,1.0,1.0,0.0,0.0,B
201211871C,1.0,1.0,0.0,0.0,B
201211889C,1.0,1.0,0.0,0.0,B
201212008H,1.0,1.0,0.0,0.0,B
201212071C,1.0,1.0,4550.0,1.0,C
201212576H,1.0,1.0,0.0,0.0,B
201212925M,1.0,1.0,356288.0,1.0,C
201213353W,1.0,1.0,300000.0,1.0,C
201213818N,1.0,1.0,36000.0,1.0,C
201214425M,1.0,1.0,0.0,0.0,B
201215831R,1.0,1.0,0.0,0.0,B
201216593G,1.0,0.0,0.0,0.0,B
201217384M,1.0,1.0,0.0,0.0,B
201218077E,1.0,1.0,0.0,0.0,B
201219428G,1.0,1.0,0.0,0.0,B
201219749G,1.0,1.0,0.0,0.0,B
201220019W,1.0,1.0,358666780.0,1.0,C
201220096G,1.0,1.0,0.0,0.0,B
201220164C,1.0,1.0,0.0,0.0,B
201220172M,1.0,1.0,60000.0,1.0,C
201220207M,1.0,1.0,0.0,0.0,B
201220312E,1.0,1.0,0.0,0.0,B
201220473G,1.0,1.0,5000.0,1.0,C
201220737D,1.0,1.0,0.0,0.0,B
201220744D,1.0,0.0,0.0,0.0,B
201221074R,1.0,1.0,5067501.0,1.0,C
201221603D,1.0,1.0,0.0,0.0,B
201222049H,1.0,1.0,0.0,0.0,B
201222296H,1.0,1.0,10.0,1.0,C
201222334E,1.0,1.0,200000.0,1.0,C
201223273G,1.0,1.0,0.0,0.0,B
201223604G,1.0,1.0,0.0,0.0,B
201223893Z,1.0,1.0,51873525.0,1.0,C
201224129K,1.0,1.0,0.0,0.0,B
201224230Z,1.0,1.0,72000.0,1.0,C
201225282C,1.0,1.0,0.0,0.0,B
201225382R,1.0,1.0,0.0,0.0,B
201227092W,1.0,1.0,0.0,0.0,B
201227144K,1.0,1.0,0.0,0.0,B
201227574G,1.0,1.0,542000.0,1.0,C
201227591Z,1.0,1.0,0.0,0.0,B
201227962K,1.0,1.0,100.0,1.0,C
201228224R,1.0,1.0,2305975.0,1.0,C
201228250K,1.0,1.0,0.0,0.0,B
201228359D,1.0,1.0,0.0,0.0,B
201228663N,1.0,0.0,52000.0,1.0,C
201228908R,1.0,1.0,10000.0,1.0,C
201229484W,1.0,1.0,150000.0,1.0,C
201229792M,1.0,1.0,336082.0,1.0,C
201230672D,1.0,1.0,0.0,0.0,B
201230769C,1.0,1.0,0.0,0.0,B
201230854H,1.0,1.0,20000.0,1.0,C
201231493G,1.0,1.0,280000.0,1.0,C
201300020Z,1.0,1.0,0.0,0.0,B
201300180K,1.0,1.0,0.0,0.0,B
201300428E,1.0,1.0,0.0,0.0,B
201300553D,1.0,1.0,0.0,0.0,B
201300610N,1.0,1.0,100000.0,1.0,C
201300810D,1.0,1.0,0.0,0.0,B
201300850N,1.0,1.0,0.0,0.0,B
201301052R,1.0,1.0,0.0,0.0,B
201301075N,1.0,1.0,0.0,0.0,B
201301219K,1.0,1.0,0.0,0.0,B
201302299H,1.0,1.0,415630.0,1.0,C
201302303D,1.0,1.0,0.0,0.0,B
201302352R,1.0,1.0,10000.0,1.0,C
201302590N,1.0,1.0,957500.0,1.0,C
201302602R,1.0,1.0,1500.0,1.0,C
201302981K,1.0,1.0,0.0,0.0,B
201303258D,1.0,1.0,0.0,0.0,B
201303410N,1.0,1.0,160000.0,1.0,C
201303465M,1.0,1.0,120000.0,1.0,C
201303610D,1.0,1.0,0.0,0.0,B
201303698M,1.0,1.0,0.0,0.0,B
201304194M,1.0,1.0,0.0,0.0,B
201304508Z,1.0,1.0,78100.0,1.0,C
201304713G,1.0,1.0,25000.0,1.0,C
201305004Z,1.0,1.0,0.0,0.0,B
201305014M,1.0,1.0,0.0,0.0,B
201305391E,1.0,0.0,0.0,0.0,B
201306289C,1.0,1.0,0.0,0.0,B
201306808R,1.0,1.0,0.0,0.0,B
201307536E,1.0,1.0,0.0,0.0,B
201308202R,1.0,1.0,0.0,0.0,B
201308269H,1.0,1.0,0.0,0.0,B
201308280R,1.0,1.0,0.0,0.0,B
201308767Z,1.0,1.0,1.0,1.0,C
201309069R,1.0,1.0,0.0,0.0,B
201309493G,1.0,1.0,0.0,0.0,B
201309995C,1.0,1.0,0.0,0.0,B
201311311R,1.0,0.0,15963.0,1.0,C
201312101K,1.0,1.0,0.0,0.0,B
201312303C,1.0,1.0,0.0,0.0,B
201312617C,1.0,1.0,1000.0,1.0,C
201312775K,1.0,1.0,0.0,0.0,B
201312820G,1.0,1.0,0.0,0.0,B
201312840M,1.0,1.0,100000.0,1.0,C
201312901G,1.0,1.0,0.0,0.0,B
201312960M,1.0,1.0,2500000.0,1.0,C
201313390Z,1.0,0.0,0.0,0.0,B
201313398G,1.0,1.0,2000000.0,1.0,C
201313449H,1.0,1.0,300.0,1.0,C
201313891D,1.0,0.0,20000.0,1.0,C
201314366D,1.0,1.0,0.0,0.0,B
201314700Z,1.0,1.0,0.0,0.0,B
201315130G,1.0,1.0,700.0,1.0,C
201315452W,1.0,0.0,47149.0,1.0,C
201316110W,1.0,1.0,10000.0,1.0,C
201316160C,1.0,1.0,4000.0,1.0,C
201316693E,1.0,1.0,0.0,0.0,B
201316698Z,1.0,0.0,0.0,0.0,B
201317454M,1.0,1.0,0.0,0.0,B
201317462D,1.0,1.0,0.0,0.0,B
201317724W,1.0,1.0,0.0,0.0,B
201318089D,1.0,1.0,0.0,0.0,B
201318328Z,1.0,1.0,0.0,0.0,B
201318363R,1.0,1.0,0.0,0.0,B
201318372W,1.0,1.0,0.0,0.0,B
201318717N,1.0,1.0,200000.0,1.0,C
201318797R,1.0,1.0,0.0,0.0,B
201319753W,1.0,1.0,2350000.0,1.0,C
201320515K,1.0,1.0,24460.0,1.0,C
201320882K,1.0,1.0,585578.0,1.0,C
201321066H,1.0,1.0,270000.0,1.0,C
201321616M,1.0,1.0,14915.0,1.0,C
201322229R,1.0,1.0,0.0,0.0,B
201322631Z,1.0,1.0,0.0,0.0,B
201322841C,1.0,1.0,0.0,0.0,B
201323012N,1.0,1.0,20000.0,1.0,C
201323246E,1.0,1.0,0.0,0.0,B
201323992G,1.0,1.0,0.0,0.0,B
201324016N,1.0,1.0,465000.0,1.0,C
201324797H,1.0,1.0,0.0,0.0,B
201327402E,1.0,1.0,10000.0,1.0,C
201327824K,1.0,1.0,100000.0,1.0,C
201328041D,1.0,1.0,60000.0,1.0,C
201328475D,1.0,1.0,1345051.0,1.0,C
201328582W,1.0,1.0,0.0,0.0,B
201328603C,1.0,1.0,14000000.0,1.0,C
201329099K,1.0,1.0,20000.0,1.0,C
201329104R,1.0,1.0,1400.0,1.0,C
201329321W,1.0,1.0,0.0,0.0,B
201329346W,1.0,0.0,0.0,0.0,B
201329752E,1.0,1.0,80000.0,1.0,C
201330220D,1.0,1.0,800000.0,1.0,C
201330432G,1.0,0.0,10000.0,1.0,C
201330507W,1.0,1.0,3000.0,1.0,C
201330713R,1.0,1.0,63470.0,1.0,C
201331433N,1.0,1.0,0.0,0.0,B
201331449M,1.0,1.0,0.0,0.0,B
201331550C,1.0,1.0,200.0,1.0,C
201332553K,1.0,1.0,51000.0,1.0,C
201333118M,1.0,1.0,5000.0,1.0,C
201333323Z,1.0,1.0,0.0,0.0,B
201333907E,1.0,1.0,5240.0,1.0,C
201334361E,1.0,0.0,1700000.0,1.0,C
201334401D,1.0,1.0,0.0,0.0,B
201400075C,1.0,1.0,0.0,0.0,B
201400136R,1.0,1.0,100000.0,1.0,C
201400639C,1.0,1.0,0.0,0.0,B
201401081G,1.0,1.0,0.0,0.0,B
201401295M,1.0,1.0,0.0,0.0,B
201401332W,1.0,1.0,0.0,0.0,B
201402361C,1.0,1.0,13773831.0,1.0,C
201402444D,1.0,1.0,15000.0,1.0,C
201402621N,1.0,1.0,0.0,0.0,B
201402622E,1.0,1.0,0.0,0.0,B
201402797D,1.0,1.0,0.0,0.0,B
201402872W,1.0,1.0,0.0,0.0,B
201403549H,1.0,1.0,0.0,0.0,B
201403562W,1.0,1.0,0.0,0.0,B
201404397W,1.0,1.0,0.0,0.0,B
201404728W,1.0,1.0,0.0,0.0,B
201405499K,1.0,1.0,0.0,0.0,B
201406354G,1.0,1.0,1169.0,1.0,C
201406935Z,1.0,0.0,915639.0,1.0,C
201407589E,1.0,1.0,0.0,0.0,B
201407843M,1.0,1.0,0.0,0.0,B
201407851D,1.0,0.0,8000.0,1.0,C
201408313W,1.0,1.0,0.0,0.0,B
201410285C,1.0,0.0,0.0,0.0,B
201410948E,1.0,0.0,150000.0,1.0,C
201411096M,1.0,1.0,0.0,0.0,B
201411962C,1.0,0.0,0.0,0.0,B
201412172N,1.0,1.0,12300000.0,1.0,C
201412205M,1.0,1.0,300000.0,1.0,C
201412455E,1.0,1.0,0.0,0.0,B
201412512R,1.0,1.0,0.0,0.0,B
201413221K,1.0,1.0,0.0,0.0,B
201413251H,1.0,1.0,20000.0,1.0,C
201413268W,1.0,1.0,0.0,0.0,B
201413606W,1.0,1.0,0.0,0.0,B
201413978M,1.0,1.0,100000.0,1.0,C
201414117E,1.0,1.0,0.0,0.0,B
201414570D,1.0,1.0,0.0,0.0,B
201414643M,1.0,0.0,0.0,0.0,B
201415016R,1.0,1.0,0.0,0.0,B
201415069M,1.0,1.0,0.0,0.0,B
201415471R,1.0,1.0,0.0,0.0,B
201415560G,1.0,1.0,0.0,0.0,B
201415719K,1.0,1.0,0.0,0.0,B
201416585D,1.0,1.0,0.0,0.0,B
201416667N,1.0,1.0,0.0,0.0,B
201416802M,1.0,1.0,7000000.0,1.0,C
201416900E,1.0,1.0,0.0,0.0,B
201417021G,1.0,1.0,0.0,0.0,B
201417896G,1.0,1.0,0.0,0.0,B
201418890W,1.0,1.0,0.0,0.0,B
201419037W,1.0,1.0,60000.0,1.0,C
201419045H,1.0,1.0,30000.0,1.0,C
201419069W,1.0,1.0,50000.0,1.0,C
201419384M,1.0,1.0,0.0,0.0,B
201420297N,1.0,1.0,3500.0,1.0,C
201422130Z,1.0,1.0,0.0,0.0,B
201422313R,1.0,1.0,5000.0,1.0,C
201422839Z,1.0,0.0,556.0,1.0,C
201423050G,1.0,1.0,191165.0,1.0,C
201423194R,1.0,1.0,5000.0,1.0,C
201423946K,1.0,1.0,1250.0,1.0,C
201424246E,1.0,1.0,0.0,0.0,B
201424423R,1.0,1.0,0.0,0.0,B
201424532M,1.0,1.0,0.0,0.0,B
201424827W,1.0,1.0,0.0,0.0,B
201424941M,1.0,1.0,980.0,1.0,C
201425626N,1.0,1.0,1000000.0,1.0,C
201425789W,1.0,1.0,2330966.0,1.0,C
201425877W,1.0,0.0,222613.0,1.0,C
201425888C,1.0,1.0,0.0,0.0,B
201426465C,1.0,1.0,0.0,0.0,B
201427382R,1.0,1.0,0.0,0.0,B
201428070N,1.0,1.0,44045986.0,1.0,C
201428211W,1.0,1.0,0.0,0.0,B
201428530R,1.0,1.0,500000.0,1.0,C
201429422G,1.0,1.0,3000000.0,1.0,C
201429492R,1.0,1.0,0.0,0.0,B
201430698C,1.0,1.0,25500.0,1.0,C
201430725N,1.0,1.0,0.0,0.0,B
201431127E,1.0,0.0,0.0,0.0,B
201431136G,1.0,1.0,0.0,0.0,B
201432143D,1.0,0.0,2000000.0,1.0,C
201432273R,1.0,1.0,0.0,0.0,B
201433220R,1.0,1.0,215279.0,1.0,C
201434500K,1.0,1.0,0.0,0.0,B
201434814K,1.0,1.0,622000.0,1.0,C
201434897E,1.0,1.0,69000.0,1.0,C
201435315E,1.0,1.0,35000.0,1.0,C
201435868N,1.0,1.0,208812.0,1.0,C
201435948D,1.0,1.0,0.0,0.0,B
201436634Z,1.0,1.0,0.0,0.0,B
201436860D,1.0,1.0,270000.0,1.0,C
201437367D,1.0,1.0,27572.0,1.0,C
201437733Z,1.0,1.0,579000000.0,1.0,C
201500013G,1.0,1.0,0.0,0.0,B
201500060W,1.0,0.0,0.0,0.0,B
201500280M,1.0,1.0,401924.0,1.0,C
201500440K,1.0,1.0,300000.0,1.0,C
201500576H,1.0,1.0,0.0,0.0,B
201500670W,1.0,1.0,192007.0,1.0,C
201500700D,1.0,1.0,0.0,0.0,B
201500807N,1.0,1.0,101639.0,1.0,C
201501188C,1.0,1.0,0.0,0.0,B
201501270R,1.0,1.0,0.0,0.0,B
201502018N,1.0,1.0,500.0,1.0,C
201502100H,1.0,1.0,0.0,0.0,B
201502173K,1.0,1.0,0.0,0.0,B
201502356G,1.0,1.0,0.0,0.0,B
201502410E,1.0,1.0,14796.0,1.0,C
201503027M,1.0,1.0,0.0,0.0,B
201503616R,1.0,1.0,300000.0,1.0,C
201503778H,1.0,1.0,787858.0,1.0,C
201503958M,1.0,1.0,0.0,0.0,B
201504469Z,1.0,1.0,0.0,0.0,B
201504617D,1.0,1.0,0.0,0.0,B
201504648M,1.0,1.0,0.0,0.0,B
201505823W,1.0,1.0,0.0,0.0,B
201506442K,1.0,1.0,0.0,0.0,B
201507386G,1.0,1.0,0.0,0.0,B
201507419E,1.0,1.0,0.0,0.0,B
201508038W,1.0,1.0,0.0,0.0,B
201508664Z,1.0,0.0,0.0,0.0,B
201508669N,1.0,1.0,0.0,0.0,B
201509182G,1.0,1.0,0.0,0.0,B
201510563C,1.0,1.0,0.0,0.0,B
201510658W,1.0,1.0,0.0,0.0,B
201510792W,1.0,1.0,0.0,0.0,B
201510850Z,1.0,1.0,0.0,0.0,B
201511117Z,1.0,1.0,0.0,0.0,B
201511635R,1.0,1.0,0.0,0.0,B
201512269R,1.0,1.0,0.0,0.0,B
201512465C,1.0,1.0,1176.0,1.0,C
201512530D,1.0,1.0,0.0,0.0,B
201512531N,1.0,1.0,0.0,0.0,B
201512735G,1.0,0.0,0.0,0.0,B
201512776H,1.0,0.0,100000.0,1.0,C
201512894G,1.0,1.0,0.0,0.0,B
201523428W,1.0,1.0,49813.0,1.0,C
201523504D,1.0,1.0,700000.0,1.0,C
201523977D,1.0,0.0,16370.0,1.0,C
201523998Z,1.0,1.0,0.0,0.0,B
201524493H,1.0,1.0,5000.0,1.0,C
201524605E,1.0,1.0,300000.0,1.0,C
201524631Z,1.0,1.0,0.0,0.0,B
201525081M,1.0,1.0,0.0,0.0,B
201525370M,1.0,1.0,0.0,0.0,B
201525375G,1.0,1.0,0.0,0.0,B
201526782C,1.0,0.0,0.0,0.0,B
201526843R,1.0,1.0,0.0,0.0,B
201527082R,1.0,1.0,0.0,0.0,B
201527154N,1.0,1.0,529354.0,1.0,C
201527174Z,1.0,1.0,0.0,0.0,B
201527636D,1.0,1.0,0.0,0.0,B
201527790H,1.0,1.0,0.0,0.0,B
201527904G,1.0,1.0,1.0,1.0,C
201528097Z,1.0,1.0,0.0,0.0,B
201528150G,1.0,1.0,104893.0,1.0,C
201528253N,1.0,1.0,0.0,0.0,B
201528793W,1.0,1.0,4600.0,1.0,C
201528953R,1.0,1.0,0.0,0.0,B
201529144N,1.0,1.0,232766.0,1.0,C
201529320N,1.0,1.0,9639.0,1.0,C
201529653H,1.0,1.0,134800.0,1.0,C
201530280G,1.0,1.0,0.0,0.0,B
201530562G,1.0,1.0,0.0,0.0,B
201531094K,1.0,1.0,0.0,0.0,B
201531890D,1.0,0.0,272612.0,1.0,C
201532500C,1.0,1.0,100.0,1.0,C
201533382M,1.0,1.0,0.0,0.0,B
201534895G,1.0,1.0,1122304.0,1.0,C
201534959N,1.0,1.0,0.0,0.0,B
201535029C,1.0,1.0,0.0,0.0,B
201535378W,1.0,1.0,0.0,0.0,B
201536797G,1.0,1.0,200000.0,1.0,C
201537005E,1.0,1.0,141000.0,1.0,C
201537796M,1.0,1.0,11880.0,1.0,C
201538252C,1.0,1.0,0.0,0.0,B
201538350N,1.0,1.0,50000.0,1.0,C
201538851W,1.0,1.0,0.0,0.0,B
201539218M,1.0,1.0,2500.0,1.0,C
201540164H,1.0,1.0,0.0,0.0,B
201540196H,1.0,1.0,0.0,0.0,B
201540746M,1.0,1.0,0.0,0.0,B
201540847W,1.0,1.0,0.0,0.0,B
201541703E,1.0,1.0,0.0,0.0,B
201542176R,1.0,1.0,10000.0,1.0,C
201542771H,1.0,1.0,54000.0,1.0,C
201543087C,1.0,1.0,0.0,0.0,B
201543258D,1.0,1.0,0.0,0.0,B
201600135M,1.0,1.0,0.0,0.0,B
201600803N,1.0,1.0,0.0,0.0,B
201601460R,1.0,1.0,0.0,0.0,B
201601469N,1.0,1.0,36000.0,1.0,C
201601802Z,1.0,1.0,0.0,0.0,B
201602617N,1.0,1.0,0.0,0.0,B
201602711D,1.0,1.0,100.0,1.0,C
201603575K,1.0,0.0,0.0,0.0,B
201603629E,1.0,1.0,0.0,0.0,B
201604154M,1.0,1.0,1296080.0,1.0,C
201604637M,1.0,1.0,280000.0,1.0,C
201605244K,1.0,1.0,35000.0,1.0,C
201605578R,1.0,1.0,30000.0,1.0,C
201606011G,1.0,1.0,120000.0,1.0,C
201606057D,1.0,1.0,24000.0,1.0,C
201606842M,1.0,1.0,1000000.0,1.0,C
201607143W,1.0,0.0,0.0,0.0,B
201607267C,1.0,1.0,28200.0,1.0,C
201607560H,1.0,1.0,400000.0,1.0,C
201607679N,1.0,0.0,3000.0,1.0,C
201607787Z,1.0,1.0,0.0,0.0,B
201608097G,1.0,1.0,0.0,0.0,B
201608588W,1.0,1.0,0.0,0.0,B
201609042E,1.0,1.0,140000.0,1.0,C
201609142Z,1.0,1.0,0.0,0.0,B
201609327W,1.0,0.0,1000000.0,1.0,C
201609824W,1.0,1.0,0.0,0.0,B
201610215Z,1.0,1.0,555555.0,1.0,C
201610287K,1.0,1.0,0.0,0.0,B
201610378D,1.0,1.0,0.0,0.0,B
201610515D,1.0,1.0,0.0,0.0,B
201610523N,1.0,1.0,0.0,0.0,B
201610903G,1.0,1.0,18000.0,1.0,C
201611166R,1.0,1.0,8430.0,1.0,C
201611347K,1.0,1.0,900000.0,1.0,C
201611425W,1.0,1.0,0.0,0.0,B
201612253C,1.0,1.0,0.0,0.0,B
201612308G,1.0,1.0,460000.0,1.0,C
201613099E,1.0,1.0,50000.0,1.0,C
201613222H,1.0,1.0,0.0,0.0,B
201613714K,1.0,1.0,48942.0,1.0,C
201614334N,1.0,1.0,33646.0,1.0,C
201614831N,1.0,1.0,0.0,0.0,B
201615035W,1.0,1.0,26052.0,1.0,C
201615284Z,1.0,1.0,0.0,0.0,B
201615559Z,1.0,1.0,0.0,0.0,B
201615719W,1.0,1.0,0.0,0.0,B
201616163E,1.0,0.0,0.0,0.0,B
201616315M,1.0,0.0,0.0,0.0,B
201616375H,1.0,1.0,0.0,0.0,B
201616430W,1.0,1.0,18000.0,1.0,C
201616860N,1.0,1.0,500.0,1.0,C
201617024G,1.0,1.0,300000.0,1.0,C
201617501C,1.0,1.0,600000.0,1.0,C
201617562H,1.0,1.0,0.0,0.0,B
201617715G,1.0,1.0,120000.0,1.0,C
201617889N,1.0,1.0,0.0,0.0,B
201618174C,1.0,1.0,0.0,0.0,B
201618340H,1.0,1.0,20000.0,1.0,C
201618370G,1.0,1.0,1000.0,1.0,C
201619279G,1.0,1.0,0.0,0.0,B
201619341R,1.0,0.0,3198669.0,1.0,C
201619356D,1.0,1.0,0.0,0.0,B
201619890C,1.0,1.0,2000.0,1.0,C
201620094Z,1.0,1.0,0.0,0.0,B
201620153M,1.0,1.0,5000.0,1.0,C
201620944G,1.0,1.0,0.0,0.0,B
201621004C,1.0,1.0,0.0,0.0,B
201621091D,1.0,1.0,0.0,0.0,B
201621336E,1.0,1.0,0.0,0.0,B
201621449E,1.0,0.0,3067038.0,1.0,C
201621460M,1.0,1.0,3636768.0,1.0,C
201621468Z,1.0,1.0,2832766.0,1.0,C
201621802R,1.0,1.0,191218.0,1.0,C
201622320D,1.0,1.0,315.0,1.0,C
201622929H,1.0,1.0,0.0,0.0,B
201623000K,1.0,1.0,150000.0,1.0,C
201623351H,1.0,1.0,0.0,0.0,B
201623511G,1.0,0.0,0.0,0.0,B
201623576W,1.0,1.0,0.0,0.0,B
201623922H,1.0,1.0,2951000.0,1.0,C
201623963K,1.0,1.0,0.0,0.0,B
201624296R,1.0,1.0,600000.0,1.0,C
201624514R,1.0,1.0,30000.0,1.0,C
201625171W,1.0,0.0,132972.0,1.0,C
201625244G,1.0,1.0,0.0,0.0,B
201625970D,1.0,1.0,0.0,0.0,B
201626037N,1.0,1.0,0.0,0.0,B
201626053R,1.0,1.0,0.0,0.0,B
201626356M,1.0,1.0,0.0,0.0,B
201627084C,1.0,1.0,2257675.0,1.0,C
201627295N,1.0,1.0,500.0,1.0,C
201627486C,1.0,0.0,0.0,0.0,B
201627760N,1.0,1.0,140000.0,1.0,C
201627878H,1.0,0.0,0.0,0.0,B
201627907D,1.0,1.0,0.0,0.0,B
201628818H,1.0,1.0,0.0,0.0,B
201629525C,1.0,1.0,0.0,0.0,B
201630196N,1.0,1.0,0.0,0.0,B
201630450C,1.0,1.0,78000.0,1.0,C
201630498Z,1.0,1.0,0.0,0.0,B
201631028H,1.0,1.0,0.0,0.0,B
201631490H,1.0,1.0,0.0,0.0,B
201631815Z,1.0,1.0,0.0,0.0,B
201632628M,1.0,1.0,0.0,0.0,B
201632742G,1.0,1.0,0.0,0.0,B
201632902E,1.0,1.0,5645954.0,1.0,C
201633508H,1.0,1.0,0.0,0.0,B
201633940K,1.0,1.0,0.0,0.0,B
201700059K,1.0,1.0,1894.0,1.0,C
201700696R,1.0,1.0,1750000.0,1.0,C
201700742D,1.0,1.0,0.0,0.0,B
201700762H,1.0,1.0,517000.0,1.0,C
201700785G,1.0,1.0,0.0,0.0,B
201701330G,1.0,1.0,0.0,0.0,B
201701755E,1.0,1.0,0.0,0.0,B
201701927W,1.0,1.0,3008.0,1.0,C
201702171R,1.0,1.0,181969.0,1.0,C
201702422G,1.0,1.0,0.0,0.0,B
201702892N,1.0,1.0,180000.0,1.0,C
201703024G,1.0,1.0,1100000.0,1.0,C
201703083M,1.0,1.0,0.0,0.0,B
201703244C,1.0,1.0,44500.0,1.0,C
201703744N,1.0,1.0,0.0,0.0,B
201704049D,1.0,1.0,0.0,0.0,B
201704222K,1.0,1.0,0.0,0.0,B
201705307K,1.0,1.0,350000.0,1.0,C
201705690M,1.0,1.0,3000.0,1.0,C
201706479M,1.0,1.0,0.0,0.0,B
201706637H,1.0,1.0,0.0,0.0,B
201706952D,1.0,1.0,0.0,0.0,B
201707072N,1.0,1.0,0.0,0.0,B
201708149D,1.0,1.0,100000.0,1.0,C
201708580N,1.0,1.0,1500000.0,1.0,C
201708827W,1.0,1.0,0.0,0.0,B
201708902M,1.0,1.0,100.0,1.0,C
201709073W,1.0,1.0,1000000.0,1.0,C
201709095E,1.0,1.0,150000.0,1.0,C
201709128D,1.0,1.0,462000.0,1.0,C
201709148H,1.0,1.0,7000.0,1.0,C
201710350N,1.0,1.0,0.0,0.0,B
201710795W,1.0,1.0,360000.0,1.0,C
201713700W,1.0,1.0,740000.0,1.0,C
201714124R,1.0,1.0,0.0,0.0,B
201714356E,1.0,1.0,662474.0,1.0,C
201714596E,1.0,1.0,59000.0,1.0,C
201715462E,1.0,1.0,0.0,0.0,B
201715828W,1.0,1.0,448013.0,1.0,C
201715872R,1.0,1.0,2150000.0,1.0,C
201715985R,1.0,1.0,0.0,0.0,B
201717270Z,1.0,1.0,36000000.0,1.0,C
201717657H,1.0,1.0,200.0,1.0,C
201717875C,1.0,1.0,0.0,0.0,B
201718755W,1.0,1.0,0.0,0.0,B
201719353N,1.0,1.0,0.0,0.0,B
201719425M,1.0,1.0,200000.0,1.0,C
201719520M,1.0,1.0,0.0,0.0,B
201719627D,1.0,1.0,0.0,0.0,B
201720193G,1.0,1.0,0.0,0.0,B
201720326Z,1.0,1.0,0.0,0.0,B
201720404G,1.0,1.0,1.0,1.0,C
201720486K,1.0,1.0,0.0,0.0,B
201720514N,1.0,1.0,0.0,0.0,B
201720659N,1.0,0.0,18000.0,1.0,C
201722142E,1.0,1.0,0.0,0.0,B
201722732Z,1.0,1.0,0.0,0.0,B
201722825N,1.0,1.0,0.0,0.0,B
201723299R,1.0,1.0,0.0,0.0,B
201723803D,1.0,1.0,53.0,1.0,C
201725597K,1.0,1.0,0.0,0.0,B
201725609M,1.0,1.0,0.0,0.0,B
201725657N,1.0,1.0,0.0,0.0,B
201726671K,1.0,1.0,0.0,0.0,B
201727090N,1.0,0.0,0.0,0.0,B
201727168W,1.0,1.0,627074.0,1.0,C
201727529R,1.0,1.0,0.0,0.0,B
201727582R,1.0,1.0,10000.0,1.0,C
201727892M,1.0,1.0,0.0,0.0,B
201728114G,1.0,1.0,0.0,0.0,B
201728593R,1.0,1.0,0.0,0.0,B
201728606H,1.0,1.0,500000.0,1.0,C
201728624M,1.0,1.0,0.0,0.0,B
201728903Z,1.0,1.0,0.0,0.0,B
201729270K,1.0,1.0,3000.0,1.0,C
201729649H,1.0,1.0,400000.0,1.0,C
201730602M,1.0,1.0,10000.0,1.0,C
201731068D,1.0,1.0,0.0,0.0,B
201732479C,1.0,1.0,6829.0,1.0,C
201732805G,1.0,1.0,368000.0,1.0,C
201732963R,1.0,1.0,5000000.0,1.0,C
201733469E,1.0,1.0,0.0,0.0,B
201734064H,1.0,1.0,3000.0,1.0,C
201734633G,1.0,1.0,0.0,0.0,B
201735016D,1.0,1.0,461673.0,1.0,C
201735206Z,1.0,1.0,0.0,0.0,B
201735579E,1.0,1.0,40000.0,1.0,C
201735628E,1.0,1.0,0.0,0.0,B
201735662K,1.0,1.0,0.0,0.0,B
201736383Z,1.0,1.0,0.0,0.0,B
201736601Z,1.0,1.0,0.0,0.0,B
201737034Z,1.0,1.0,19000.0,1.0,C
201800742G,1.0,1.0,29200.0,1.0,C
201801170M,1.0,1.0,25000.0,1.0,C
201801261E,1.0,1.0,632451617.0,1.0,C
201801442Z,1.0,1.0,0.0,0.0,B
201801577G,1.0,1.0,0.0,0.0,B
201801927C,1.0,0.0,32000.0,1.0,C
201802001R,1.0,0.0,10000.0,1.0,C
201802096E,1.0,1.0,0.0,0.0,B
201802266R,1.0,1.0,90000.0,1.0,C
201802494C,1.0,1.0,0.0,0.0,B
201802840M,1.0,1.0,0.0,0.0,B
201803062Z,1.0,1.0,0.0,0.0,B
201803081N,1.0,1.0,0.0,0.0,B
201803122D,1.0,1.0,0.0,0.0,B
201803266M,1.0,1.0,10.0,1.0,C
201804018W,1.0,0.0,94799.0,1.0,C
201804224R,1.0,1.0,0.0,0.0,B
201805039K,1.0,0.0,0.0,0.0,B
201805079C,1.0,1.0,0.0,0.0,B
201805574Z,1.0,1.0,0.0,0.0,B
201805738C,1.0,1.0,0.0,0.0,B
201806632W,1.0,1.0,0.0,0.0,B
201807105R,1.0,1.0,0.0,0.0,B
201807184G,1.0,1.0,2428110.0,1.0,C
201807383E,1.0,0.0,10000000.0,1.0,C
201807474W,1.0,1.0,524664.0,1.0,C
201807752N,1.0,1.0,0.0,0.0,B
201808858K,1.0,1.0,0.0,0.0,B
201808951H,1.0,1.0,0.0,0.0,B
201809018Z,1.0,0.0,308000.0,1.0,C
201809116M,1.0,1.0,0.0,0.0,B
201809267C,1.0,1.0,0.0,0.0,B
201809321Z,1.0,0.0,0.0,0.0,B
201809553H,1.0,1.0,5340949.0,1.0,C
201809696G,1.0,1.0,0.0,0.0,B
201809729E,1.0,1.0,90000.0,1.0,C
201809897G,1.0,1.0,0.0,0.0,B
201809952R,1.0,1.0,0.0,0.0,B
201810684D,1.0,1.0,0.0,0.0,B
201810814D,1.0,1.0,0.0,0.0,B
201810925C,1.0,0.0,0.0,0.0,B
201811520E,1.0,1.0,0.0,0.0,B
201811568D,1.0,1.0,14000000.0,1.0,C
201811583N,1.0,1.0,13000.0,1.0,C
201812358W,1.0,1.0,1000000.0,1.0,C
201812497M,1.0,1.0,0.0,0.0,B
201812689K,1.0,1.0,0.0,0.0,B
201812812N,1.0,1.0,2000.0,1.0,C
201812912H,1.0,1.0,0.0,0.0,B
201813173R,1.0,1.0,39778.0,1.0,C
201813353Z,1.0,1.0,42000.0,1.0,C
201813440H,1.0,1.0,450.0,1.0,C
201813497H,1.0,1.0,0.0,0.0,B
201815570N,1.0,1.0,61243.0,1.0,C
201815984H,1.0,1.0,576982.0,1.0,C
201816897R,1.0,1.0,0.0,0.0,B
201817112N,1.0,1.0,0.0,0.0,B
201817814W,1.0,1.0,0.0,0.0,B
201819295R,1.0,1.0,0.0,0.0,B
201819385W,1.0,1.0,130000.0,1.0,C
201819467H,1.0,1.0,0.0,0.0,B
201820239N,1.0,1.0,12294.0,1.0,C
201820336R,1.0,1.0,0.0,0.0,B
201821729K,1.0,1.0,1000.0,1.0,C
201822179D,1.0,1.0,0.0,0.0,B
201822625H,1.0,1.0,0.0,0.0,B
201823641G,1.0,0.0,0.0,0.0,B
201823881G,1.0,1.0,41000.0,1.0,C
201824015C,1.0,1.0,0.0,0.0,B
201824786D,1.0,1.0,16500.0,1.0,C
201825330M,1.0,1.0,0.0,0.0,B
201825413N,1.0,1.0,7300000.0,1.0,C
201825414E,1.0,1.0,0.0,0.0,B
201825524M,1.0,1.0,800000.0,1.0,C
201825547K,1.0,1.0,13000.0,1.0,C
201825684D,1.0,1.0,0.0,0.0,B
201825710E,1.0,1.0,0.0,0.0,B
201826362H,1.0,1.0,789034.0,1.0,C
201826736M,1.0,1.0,0.0,0.0,B
201826809C,1.0,1.0,0.0,0.0,B
201827786M,1.0,1.0,0.0,0.0,B
201828348C,1.0,1.0,0.0,0.0,B
201828518M,1.0,1.0,0.0,0.0,B
201828716Z,1.0,0.0,5000.0,1.0,C
201828760W,1.0,1.0,0.0,0.0,B
201829339R,1.0,1.0,0.0,0.0,B
201829518H,1.0,1.0,0.0,0.0,B
201829714N,1.0,1.0,0.0,0.0,B
201829849C,1.0,1.0,0.0,0.0,B
201829996G,1.0,1.0,0.0,0.0,B
201830012C,1.0,1.0,10000.0,1.0,C
201830745N,1.0,1.0,0.0,0.0,B
201831665C,1.0,1.0,0.0,0.0,B
201831787D,1.0,1.0,0.0,0.0,B
201831877E,1.0,1.0,0.0,0.0,B
201832034C,1.0,1.0,91140.0,1.0,C
201832645M,1.0,1.0,100000.0,1.0,C
201832986W,1.0,1.0,7805.0,1.0,C
201833962E,1.0,1.0,0.0,0.0,B
201834562D,1.0,1.0,0.0,0.0,B
201835022R,1.0,1.0,300000.0,1.0,C
201835088W,1.0,1.0,0.0,0.0,B
201835134E,1.0,1.0,75.0,1.0,C
201835339H,1.0,1.0,0.0,0.0,B
201835970H,1.0,0.0,14868808.0,1.0,C
201836917E,1.0,1.0,0.0,0.0,B
201837712W,1.0,1.0,0.0,0.0,B
201838250K,1.0,1.0,0.0,0.0,B
201838440G,1.0,1.0,0.0,0.0,B
201839014K,1.0,1.0,916264.0,1.0,C
201839023M,1.0,1.0,3700000.0,1.0,C
201839052Z,1.0,1.0,0.0,0.0,B
201839078K,1.0,1.0,8000000.0,1.0,C
201839134K,1.0,0.0,500.0,1.0,C
201839258N,1.0,0.0,0.0,0.0,B
201839631K,1.0,1.0,668000.0,1.0,C
201839916D,1.0,1.0,150000.0,1.0,C
201840067W,1.0,1.0,0.0,0.0,B
201841211N,1.0,0.0,0.0,0.0,B
201841500N,1.0,1.0,487226.0,1.0,C
201841609G,1.0,1.0,0.0,0.0,B
201842031G,1.0,0.0,10000.0,1.0,C
201900204H,1.0,1.0,150000.0,1.0,C
201900427R,1.0,1.0,250000.0,1.0,C
201900864M,1.0,1.0,0.0,0.0,B
201900999Z,1.0,1.0,5845.0,1.0,C
201901241D,1.0,1.0,0.0,0.0,B
201901402M,1.0,1.0,0.0,0.0,B
201902001Z,1.0,1.0,24000.0,1.0,C
201902084N,1.0,0.0,0.0,0.0,B
201902809D,1.0,1.0,85000.0,1.0,C
201902867W,1.0,1.0,0.0,0.0,B
201903232N,1.0,1.0,300000.0,1.0,C
201904423W,1.0,1.0,5.0,1.0,C
201904560K,1.0,1.0,0.0,0.0,B
201904599G,1.0,1.0,0.0,0.0,B
201904606N,1.0,1.0,0.0,0.0,B
201904970C,1.0,1.0,0.0,0.0,B
201905432R,1.0,1.0,0.0,0.0,B
201905444K,1.0,1.0,0.0,0.0,B
201905518K,1.0,1.0,0.0,0.0,B
201905743D,1.0,1.0,0.0,0.0,B
201906151D,1.0,1.0,0.0,0.0,B
201906248C,1.0,1.0,0.0,0.0,B
201906287C,1.0,1.0,0.0,0.0,B
201907110W,1.0,1.0,0.0,0.0,B
201907283N,1.0,1.0,1000.0,1.0,C
201909190M,1.0,0.0,7609.0,1.0,C
201909278H,1.0,1.0,1639235.0,1.0,C
201909466D,1.0,1.0,0.0,0.0,B
201909638R,1.0,1.0,900000.0,1.0,C
201909941R,1.0,1.0,30000.0,1.0,C
201910296D,1.0,1.0,6000000.0,1.0,C
201910581Z,1.0,1.0,0.0,0.0,B
201911017Z,1.0,1.0,50000.0,1.0,C
201911586K,1.0,1.0,0.0,0.0,B
201911749C,1.0,1.0,0.0,0.0,B
201912160W,1.0,1.0,0.0,0.0,B
201913214H,1.0,0.0,450000.0,1.0,C
201913224C,1.0,1.0,0.0,0.0,B
201913285H,1.0,1.0,0.0,0.0,B
201913517E,1.0,1.0,0.0,0.0,B
201915238K,1.0,1.0,221401.0,1.0,C
201916739K,1.0,1.0,0.0,0.0,B
201917037D,1.0,1.0,0.0,0.0,B
201917755H,1.0,1.0,0.0,0.0,B
201918337D,1.0,1.0,4116.0,1.0,C
201918688C,1.0,1.0,0.0,0.0,B
201918880D,1.0,1.0,0.0,0.0,B
201919071C,1.0,1.0,0.0,0.0,B
201919119G,1.0,1.0,1000.0,1.0,C
201919194N,1.0,1.0,80000.0,1.0,C
201919954Z,1.0,1.0,0.0,0.0,B
201920814E,1.0,1.0,0.0,0.0,B
201920843M,1.0,1.0,69798.0,1.0,C
201921404K,1.0,1.0,0.0,0.0,B
201921511E,1.0,1.0,0.0,0.0,B
201921781D,1.0,1.0,0.0,0.0,B
201922365Z,1.0,1.0,20000.0,1.0,C
201922994N,1.0,1.0,7000.0,1.0,C
201923582W,1.0,1.0,0.0,0.0,B
201923772N,1.0,1.0,400.0,1.0,C
201923976G,1.0,1.0,3000.0,1.0,C
201924400R,1.0,1.0,0.0,0.0,B
201925062M,1.0,1.0,0.0,0.0,B
201926128W,1.0,1.0,0.0,0.0,B
201927107W,1.0,1.0,300.0,1.0,C
201927229Z,1.0,1.0,0.0,0.0,B
201927623M,1.0,0.0,0.0,0.0,B
201928185N,1.0,1.0,0.0,0.0,B
201928445G,1.0,1.0,10000.0,1.0,C
201928543Z,1.0,0.0,0.0,0.0,B
201928887W,1.0,1.0,0.0,0.0,B
201928979C,1.0,1.0,300000.0,1.0,C
201930529G,1.0,0.0,0.0,0.0,B
201931998Z,1.0,1.0,0.0,0.0,B
201932725E,1.0,1.0,0.0,0.0,B
201933872G,1.0,1.0,500.0,1.0,C
201934158C,1.0,1.0,0.0,0.0,B
201935697K,1.0,1.0,0.0,0.0,B
201935848G,1.0,1.0,0.0,0.0,B
201936423E,1.0,1.0,0.0,0.0,B
201936517K,1.0,1.0,0.0,0.0,B
201936534D,1.0,1.0,0.0,0.0,B
201936812Z,1.0,0.0,6500000.0,1.0,C
201938121M,1.0,1.0,300000.0,1.0,C
201939530H,1.0,1.0,60000.0,1.0,C
201939737N,1.0,0.0,0.0,0.0,B
201940586H,1.0,1.0,0.0,0.0,B
201940588K,1.0,1.0,0.0,0.0,B
201940589C,1.0,1.0,0.0,0.0,B
201940590R,1.0,1.0,0.0,0.0,B
201942252R,1.0,1.0,0.0,0.0,B
201942401K,1.0,1.0,0.0,0.0,B
201943025W,1.0,1.0,0.0,0.0,B
201943507G,1.0,1.0,0.0,0.0,B
202000101N,1.0,1.0,5000.0,1.0,C
202000974M,1.0,1.0,0.0,0.0,B
202001393R,1.0,1.0,55000.0,1.0,C
202001623K,1.0,1.0,0.0,0.0,B
202001989R,1.0,1.0,3554797.0,1.0,C
202002114M,1.0,1.0,89881.0,1.0,C
202002118R,1.0,1.0,1007474.0,1.0,C
202002675M,1.0,1.0,682000.0,1.0,C
202002929R,1.0,1.0,0.0,0.0,B
202003363K,1.0,1.0,0.0,0.0,B
202003748W,1.0,1.0,0.0,0.0,B
202004251W,1.0,1.0,0.0,0.0,B
202005191K,1.0,1.0,1386000.0,1.0,C
202005735E,1.0,1.0,6000.0,1.0,C
202005900C,1.0,1.0,1600000.0,1.0,C
202006353G,1.0,1.0,5000000.0,1.0,C
202006417N,1.0,1.0,1585900.0,1.0,C
202007169M,1.0,1.0,0.0,0.0,B
202007394E,1.0,1.0,161576.0,1.0,C
202008320H,1.0,0.0,0.0,0.0,B
202010977D,1.0,1.0,0.0,0.0,B
202012015G,1.0,1.0,0.0,0.0,B
202012119E,1.0,1.0,0.0,0.0,B
202013008D,1.0,1.0,100000.0,1.0,C
202014377C,1.0,1.0,400000.0,1.0,C
202015586H,1.0,1.0,0.0,0.0,B
202015792G,1.0,1.0,0.0,0.0,B
202017166W,1.0,1.0,0.0,0.0,B
202017651D,1.0,1.0,500000.0,1.0,C
202018562H,1.0,1.0,0.0,0.0,B
202018639C,1.0,1.0,0.0,0.0,B
202018864N,1.0,0.0,8868189.0,1.0,C
202019939C,1.0,1.0,408000.0,1.0,C
202020191E,1.0,1.0,0.0,0.0,B
202020665D,1.0,1.0,92000.0,1.0,C
202020989R,1.0,1.0,163000.0,1.0,C
202021462W,1.0,1.0,0.0,0.0,B
202023850N,1.0,1.0,650000.0,1.0,C
202024037E,1.0,1.0,110000.0,1.0,C
202024151Z,1.0,1.0,100000.0,1.0,C
202024885D,1.0,1.0,253800.0,1.0,C
202025453C,1.0,1.0,200000.0,1.0,C
202025992N,1.0,1.0,3448307.0,1.0,C
202026480D,1.0,1.0,0.0,0.0,B
202026522D,1.0,1.0,500000.0,1.0,C
202026681D,1.0,0.0,956814.0,1.0,C
202027002C,1.0,1.0,0.0,0.0,B
202027053R,1.0,1.0,0.0,0.0,B
202027133E,1.0,1.0,0.0,0.0,B
202028367M,1.0,1.0,0.0,0.0,B
202028470D,1.0,1.0,2492671.0,1.0,C
202029575H,1.0,1.0,0.0,0.0,B
202030260H,1.0,1.0,5000.0,1.0,C
202032163Z,1.0,1.0,0.0,0.0,B
202032224N,1.0,0.0,100000.0,1.0,C
202033236E,1.0,0.0,0.0,0.0,B
202033487H,1.0,1.0,0.0,0.0,B
202033758E,1.0,1.0,30000.0,1.0,C
202034574N,1.0,1.0,0.0,0.0,B
202034575E,1.0,1.0,0.0,0.0,B
202034786W,1.0,1.0,2000000.0,1.0,C
202036277R,1.0,1.0,1890356.0,1.0,C
202037989H,1.0,0.0,2000000.0,1.0,C
202038775Z,1.0,1.0,0.0,0.0,B
202100136K,1.0,1.0,0.0,0.0,B
202100517N,1.0,1.0,3322677.0,1.0,C
202100548D,1.0,1.0,195000.0,1.0,C
202100909C,1.0,1.0,5622773.0,1.0,C
202101563K,1.0,1.0,0.0,0.0,B
202102558H,1.0,1.0,0.0,0.0,B
202103117E,1.0,1.0,47000.0,1.0,C
202104724H,1.0,1.0,0.0,0.0,B
202105766W,1.0,1.0,0.0,0.0,B
202106684D,1.0,1.0,3000.0,1.0,C
202107643W,1.0,1.0,0.0,0.0,B
202108362E,1.0,1.0,0.0,0.0,B
202109329G,1.0,1.0,0.0,0.0,B
202110232Z,1.0,1.0,0.0,0.0,B
202112034E,1.0,1.0,0.0,0.0,B
202112111C,1.0,1.0,0.0,0.0,B
202114296E,1.0,1.0,0.0,0.0,B
202115986K,1.0,1.0,0.0,0.0,B
202119486D,1.0,1.0,30000.0,1.0,C
202120153Z,1.0,1.0,0.0,0.0,B
202128726M,1.0,1.0,0.0,0.0,B
202140151N,1.0,1.0,0.0,0.0,B
20227300L,1.0,1.0,29247.0,1.0,C
20357100B,1.0,1.0,10000.0,1.0,C
20483000A,1.0,1.0,3000.0,1.0,C
21233500J,1.0,1.0,5790.0,1.0,C
21484400E,1.0,1.0,15000.0,1.0,C
21806000M,1.0,1.0,0.0,0.0,B
22395400D,1.0,1.0,85000.0,1.0,C
22913200J,1.0,1.0,0.0,0.0,B
23184100X,1.0,1.0,0.0,0.0,B
23889700A,1.0,1.0,15000.0,1.0,C
24836000X,1.0,1.0,70000.0,1.0,C
24915800X,1.0,1.0,0.0,0.0,B
25019600W,1.0,1.0,1004.0,1.0,C
25599100B,1.0,1.0,2000.0,1.0,C
26393700C,1.0,0.0,150000.0,1.0,C
26460300A,1.0,1.0,0.0,0.0,B
26718600B,1.0,0.0,0.0,0.0,B
26914900K,1.0,1.0,2258.0,1.0,C
27408000A,1.0,1.0,50000.0,1.0,C
28045900M,1.0,0.0,1.0,1.0,C
29038500L,1.0,1.0,1000.0,1.0,C
29089200K,1.0,1.0,0.0,0.0,B
29250100E,1.0,1.0,0.0,0.0,B
29317400L,1.0,1.0,0.0,0.0,B
30802600D,1.0,1.0,1900.0,1.0,C
32049300L,1.0,1.0,0.0,0.0,B
34000200W,1.0,1.0,0.0,0.0,B
34184000M,1.0,0.0,0.0,0.0,B
34624400E,1.0,1.0,0.0,0.0,B
34666900J,1.0,1.0,2000.0,1.0,C
35715600E,1.0,1.0,1800.0,1.0,C
36299600L,1.0,1.0,150000.0,1.0,C
36875100K,1.0,1.0,0.0,0.0,B
36906200X,1.0,0.0,60000.0,1.0,C
37265300J,1.0,1.0,0.0,0.0,B
37295300W,1.0,1.0,1100000.0,1.0,C
37341800X,1.0,1.0,0.0,0.0,B
37451600J,1.0,1.0,16052.0,1.0,C
37720200B,1.0,1.0,0.0,0.0,B
37809800D,1.0,1.0,4118000.0,1.0,C
37816800B,1.0,1.0,0.0,0.0,B
39357000B,1.0,1.0,5700.0,1.0,C
39477300D,1.0,1.0,0.0,0.0,B
39689200X,1.0,1.0,0.0,0.0,B
39717700C,1.0,1.0,5000.0,1.0,C
39959400X,1.0,1.0,29998.0,1.0,C
40882600B,1.0,1.0,252831.0,1.0,C
41516000J,1.0,1.0,315516.0,1.0,C
42796400L,1.0,1.0,0.0,0.0,B
43000200M,1.0,1.0,0.0,0.0,B
44256500C,1.0,1.0,0.0,0.0,B
45539300A,1.0,1.0,0.0,0.0,B
45889200M,1.0,1.0,0.0,0.0,B
46200400K,1.0,1.0,16558313.0,1.0,C
46533300A,1.0,1.0,0.0,0.0,B
46651900A,1.0,0.0,0.0,0.0,B
46768200C,1.0,1.0,194000.0,1.0,C
46848700W,1.0,0.0,0.0,0.0,B
47865600M,1.0,1.0,0.0,0.0,B
48195000A,1.0,0.0,0.0,0.0,B
49313800E,1.0,1.0,17170.0,1.0,C
50064900J,1.0,1.0,0.0,0.0,B
50943400B,1.0,1.0,750000.0,1.0,C
50973600M,1.0,1.0,0.0,0.0,B
51003600K,1.0,1.0,3000.0,1.0,C
51265900A,1.0,1.0,0.0,0.0,B
52446700E,1.0,0.0,0.0,0.0,B
52799745E,1.0,1.0,0.0,0.0,B
52800933L,1.0,1.0,500000.0,1.0,C
52801647D,1.0,1.0,0.0,0.0,B
52804488E,1.0,1.0,0.0,0.0,B
52821589B,1.0,0.0,0.0,0.0,B
52830542E,1.0,1.0,2332.0,1.0,C
52845401C,1.0,1.0,280000.0,1.0,C
52850183J,1.0,0.0,300.0,1.0,C
52852562W,1.0,1.0,0.0,0.0,B
52852856D,1.0,1.0,0.0,0.0,B
52862374E,1.0,1.0,5000.0,1.0,C
52864305C,1.0,0.0,80000.0,1.0,C
52866408E,1.0,1.0,0.0,0.0,B
52871511M,1.0,1.0,10000.0,1.0,C
52873259E,1.0,1.0,4290.0,1.0,C
52874706A,1.0,1.0,15000.0,1.0,C
52885079B,1.0,0.0,0.0,0.0,B
52897725C,1.0,0.0,0.0,0.0,B
52905070J,1.0,1.0,0.0,0.0,B
52906765W,1.0,1.0,5000.0,1.0,C
52907774D,1.0,1.0,3000.0,1.0,C
52908192W,1.0,1.0,0.0,0.0,B
52909791E,1.0,0.0,0.0,0.0,B
52915541M,1.0,1.0,0.0,0.0,B
52919018D,1.0,0.0,0.0,0.0,B
52922353L,1.0,1.0,0.0,0.0,B
52923125E,1.0,1.0,0.0,0.0,B
52930032W,1.0,1.0,30000.0,1.0,C
52933865C,1.0,1.0,0.0,0.0,B
52937847K,1.0,1.0,10000.0,1.0,C
52945935C,1.0,0.0,0.0,0.0,B
52946099L,1.0,1.0,0.0,0.0,B
52951202E,1.0,1.0,250000.0,1.0,C
52955915C,1.0,1.0,13173300.0,1.0,C
52961121W,1.0,0.0,0.0,0.0,B
52963456B,1.0,0.0,0.0,0.0,B
52965348J,1.0,1.0,0.0,0.0,B
52965989A,1.0,0.0,6000.0,1.0,C
52967124K,1.0,1.0,0.0,0.0,B
52971392J,1.0,1.0,0.0,0.0,B
52978466A,1.0,1.0,0.0,0.0,B
52979993J,1.0,1.0,0.0,0.0,B
52985514C,1.0,1.0,50000.0,1.0,C
53000260D,1.0,1.0,0.0,0.0,B
53003228K,1.0,0.0,41192.0,1.0,C
53005190K,1.0,1.0,0.0,0.0,B
53008737E,1.0,0.0,500.0,1.0,C
53009267X,1.0,0.0,0.0,0.0,B
53009521A,1.0,1.0,0.0,0.0,B
53011209D,1.0,0.0,0.0,0.0,B
53011819W,1.0,1.0,0.0,0.0,B
53012082L,1.0,1.0,0.0,0.0,B
53013253B,1.0,1.0,0.0,0.0,B
53013574D,1.0,1.0,0.0,0.0,B
53015053X,1.0,1.0,212762.0,1.0,C
53015751M,1.0,1.0,0.0,0.0,B
53018563J,1.0,1.0,0.0,0.0,B
53020941A,1.0,1.0,0.0,0.0,B
53022096B,1.0,1.0,0.0,0.0,B
53023132L,1.0,1.0,0.0,0.0,B
53031180A,1.0,1.0,70000.0,1.0,C
53040282C,1.0,0.0,0.0,0.0,B
53044447W,1.0,1.0,38000.0,1.0,C
53046369E,1.0,1.0,0.0,0.0,B
53058477L,1.0,0.0,0.0,0.0,B
53060117J,1.0,1.0,4093.0,1.0,C
53060645C,1.0,1.0,5000.0,1.0,C
53061563X,1.0,1.0,0.0,0.0,B
53062661J,1.0,0.0,10000.0,1.0,C
53068424A,1.0,0.0,300000.0,0.0,B
53069589L,1.0,1.0,0.0,0.0,B
53070652X,1.0,1.0,0.0,0.0,B
53077538K,1.0,1.0,200000.0,1.0,C
53080787D,1.0,0.0,12000.0,1.0,C
53084890B,1.0,1.0,0.0,0.0,B
53085431K,1.0,0.0,0.0,0.0,B
53086357W,1.0,0.0,5823.0,1.0,C
53090685J,1.0,1.0,0.0,0.0,B
53096352C,1.0,0.0,1500.0,1.0,C
53097947X,1.0,0.0,0.0,0.0,B
53098951D,1.0,1.0,0.0,0.0,B
53107666X,1.0,1.0,0.0,0.0,B
53107709L,1.0,1.0,0.0,0.0,B
53111374D,1.0,1.0,20000.0,1.0,C
53113212M,1.0,0.0,0.0,0.0,B
53114687A,1.0,1.0,18000.0,1.0,C
53119102L,1.0,1.0,0.0,0.0,B
53119184B,1.0,1.0,26165.0,1.0,C
53120551K,1.0,1.0,10311928.0,1.0,C
53121555E,1.0,1.0,27000.0,1.0,C
53123509B,1.0,0.0,500.0,1.0,C
53130055B,1.0,0.0,0.0,0.0,B
53133244J,1.0,1.0,0.0,0.0,B
53134715W,1.0,1.0,0.0,0.0,B
53142475L,1.0,1.0,0.0,0.0,B
53143229K,1.0,1.0,0.0,0.0,B
53144046W,1.0,1.0,25011.0,1.0,C
53145397M,1.0,0.0,0.0,0.0,B
53146538A,1.0,0.0,250000.0,1.0,C
53148392D,1.0,1.0,0.0,0.0,B
53150224D,1.0,1.0,200.0,1.0,C
53150929W,1.0,0.0,25000.0,1.0,C
53151314M,1.0,1.0,300000.0,1.0,C
53151590K,1.0,1.0,0.0,0.0,B
53153583E,1.0,1.0,0.0,0.0,B
53161142J,1.0,1.0,0.0,0.0,B
53167187M,1.0,1.0,0.0,0.0,B
53168760X,1.0,1.0,400000.0,1.0,C
53170531E,1.0,0.0,0.0,0.0,B
53172409C,1.0,1.0,0.0,0.0,B
53173402A,1.0,1.0,0.0,0.0,B
53174836K,1.0,1.0,0.0,0.0,B
53175048E,1.0,1.0,0.0,0.0,B
53175812E,1.0,0.0,33335.0,1.0,C
53179957C,1.0,0.0,0.0,0.0,B
53179982D,1.0,1.0,0.0,0.0,B
53180219A,1.0,1.0,0.0,0.0,B
53183388K,1.0,1.0,5000.0,1.0,C
53185522L,1.0,1.0,0.0,0.0,B
53185532E,1.0,1.0,506.0,1.0,C
53188590M,1.0,1.0,7402428.0,1.0,C
53189996M,1.0,0.0,0.0,0.0,B
53190794E,1.0,1.0,0.0,0.0,B
53191939X,1.0,1.0,3000.0,1.0,C
53192037B,1.0,1.0,2400.0,1.0,C
53192667B,1.0,1.0,10.0,1.0,C
53193864J,1.0,0.0,0.0,0.0,B
53193886K,1.0,1.0,0.0,0.0,B
53194337B,1.0,1.0,0.0,0.0,B
53194885D,1.0,1.0,10000.0,1.0,C
53198479J,1.0,1.0,0.0,0.0,B
53199227J,1.0,1.0,0.0,0.0,B
53200119B,1.0,1.0,0.0,0.0,B
53200455L,1.0,1.0,0.0,0.0,B
53202201K,1.0,1.0,0.0,0.0,B
53203866E,1.0,1.0,30000.0,1.0,C
53206643W,1.0,1.0,0.0,0.0,B
53206878E,1.0,0.0,0.0,0.0,B
53209817W,1.0,1.0,0.0,0.0,B
53209885D,1.0,1.0,10000.0,1.0,C
53209931A,1.0,1.0,0.0,0.0,B
53211081A,1.0,1.0,0.0,0.0,B
53211406W,1.0,1.0,0.0,0.0,B
53216132K,1.0,1.0,5600000.0,1.0,C
53216816W,1.0,1.0,51062259.0,1.0,C
53216886X,1.0,1.0,0.0,0.0,B
53218420C,1.0,1.0,8000.0,1.0,C
53219616C,1.0,0.0,0.0,0.0,B
53221178B,1.0,1.0,200000.0,1.0,C
53221996A,1.0,1.0,0.0,0.0,B
53222722X,1.0,0.0,5000.0,1.0,C
53223878L,1.0,0.0,100000.0,1.0,C
53226103L,1.0,1.0,0.0,0.0,B
53229896M,1.0,1.0,0.0,0.0,B
53230325C,1.0,1.0,0.0,0.0,B
53231395W,1.0,1.0,100000.0,1.0,C
53232305W,1.0,1.0,2000.0,1.0,C
53233027K,1.0,1.0,0.0,0.0,B
53235755L,1.0,1.0,900000.0,1.0,C
53239360X,1.0,0.0,2000.0,1.0,C
53239855J,1.0,1.0,0.0,0.0,B
53240491B,1.0,0.0,0.0,0.0,B
53243559A,1.0,0.0,0.0,0.0,B
53247441D,1.0,0.0,20000.0,1.0,C
53247847M,1.0,1.0,0.0,0.0,B
53249156D,1.0,1.0,60000.0,1.0,C
53249562D,1.0,0.0,6000.0,1.0,C
53251748B,1.0,1.0,0.0,0.0,B
53253015B,1.0,0.0,0.0,0.0,B
53254029L,1.0,1.0,0.0,0.0,B
53254310J,1.0,1.0,0.0,0.0,B
53256184L,1.0,0.0,18000.0,1.0,C
53257170C,1.0,1.0,0.0,0.0,B
53257631D,1.0,0.0,0.0,0.0,B
53259331J,1.0,0.0,0.0,0.0,B
53259997K,1.0,1.0,17000.0,1.0,C
53260456C,1.0,1.0,30000.0,1.0,C
53262223E,1.0,0.0,0.0,0.0,B
53263425W,1.0,1.0,1000.0,1.0,C
53264880C,1.0,1.0,0.0,0.0,B
53265450A,1.0,0.0,0.0,0.0,B
53266647W,1.0,1.0,11321.0,1.0,C
53268645D,1.0,1.0,0.0,0.0,B
53271435X,1.0,1.0,0.0,0.0,B
53276782M,1.0,1.0,0.0,0.0,B
53277149D,1.0,1.0,0.0,0.0,B
53284818K,1.0,0.0,8000.0,1.0,C
53286335J,1.0,0.0,30000.0,1.0,C
53289227E,1.0,1.0,0.0,0.0,B
53290659D,1.0,1.0,3500.0,1.0,C
53291039K,1.0,1.0,7808.0,1.0,C
53291685M,1.0,0.0,0.0,0.0,B
53292701W,1.0,1.0,50000.0,1.0,C
53294319L,1.0,1.0,1000.0,1.0,C
53306522D,1.0,1.0,0.0,0.0,B
53306673E,1.0,1.0,1.0,1.0,C
53307634W,1.0,1.0,0.0,0.0,B
53308188B,1.0,1.0,0.0,0.0,B
53308856M,1.0,1.0,0.0,0.0,B
53310349E,1.0,1.0,15269.0,1.0,C
53312480L,1.0,1.0,180000.0,1.0,C
53317362X,1.0,0.0,97000.0,1.0,C
53319090L,1.0,1.0,0.0,0.0,B
53319612D,1.0,0.0,100.0,1.0,C
53320909M,1.0,0.0,1000.0,1.0,C
53320972B,1.0,1.0,25000.0,1.0,C
53321262J,1.0,1.0,22423.0,1.0,C
53321309J,1.0,1.0,0.0,0.0,B
53322385K,1.0,0.0,5000.0,1.0,C
53327765E,1.0,0.0,0.0,0.0,B
53330840B,1.0,1.0,0.0,0.0,B
53332003L,1.0,1.0,30019.0,1.0,C
53332109C,1.0,1.0,0.0,0.0,B
53332769E,1.0,1.0,0.0,0.0,B
53333395D,1.0,0.0,244885.0,1.0,C
53333587J,1.0,1.0,23000000.0,1.0,C
53335010K,1.0,0.0,0.0,0.0,B
53335014W,1.0,1.0,500000.0,1.0,C
53338102M,1.0,1.0,32000.0,1.0,C
53339028A,1.0,1.0,0.0,0.0,B
53340882B,1.0,1.0,5000.0,1.0,C
53341637W,1.0,0.0,56496.0,1.0,C
53344978B,1.0,0.0,0.0,0.0,B
53345589L,1.0,1.0,3600.0,1.0,C
53346962K,1.0,1.0,2500.0,1.0,C
53349748E,1.0,0.0,120000.0,1.0,C
53351752D,1.0,1.0,300000.0,1.0,C
53352725B,1.0,1.0,382577.0,1.0,C
53355410A,1.0,1.0,23686035.0,1.0,C
53356716E,1.0,1.0,38925.0,1.0,C
53356938M,1.0,1.0,500000.0,1.0,C
53357293B,1.0,1.0,0.0,0.0,B
53357427K,1.0,1.0,1650.0,1.0,C
53360052M,1.0,1.0,100000.0,1.0,C
53360167C,1.0,1.0,0.0,0.0,B
53363702C,1.0,1.0,0.0,0.0,B
53363718W,1.0,1.0,1300.0,1.0,C
53367017M,1.0,1.0,452166.0,1.0,C
53367934J,1.0,1.0,6000.0,1.0,C
53368416A,1.0,1.0,43000.0,1.0,C
53369524D,1.0,1.0,0.0,0.0,B
53370663K,1.0,1.0,1500.0,1.0,C
53372605X,1.0,1.0,30000.0,1.0,C
53372938J,1.0,1.0,0.0,0.0,B
53373086D,1.0,1.0,0.0,0.0,B
53373666L,1.0,1.0,77520.0,1.0,C
53374146K,1.0,1.0,0.0,0.0,B
53377460L,1.0,1.0,0.0,0.0,B
53377810K,1.0,1.0,0.0,0.0,B
53379030A,1.0,1.0,10000.0,1.0,C
53379150B,1.0,1.0,2000.0,1.0,C
53380104D,1.0,0.0,0.0,0.0,B
53381164C,1.0,1.0,13600.0,1.0,C
53381532X,1.0,1.0,50000.0,1.0,C
53382884L,1.0,0.0,0.0,0.0,B
53384888A,1.0,1.0,0.0,0.0,B
53386379A,1.0,1.0,150000.0,1.0,C
53387811W,1.0,1.0,0.0,0.0,B
53389293K,1.0,0.0,0.0,0.0,B
53390473X,1.0,1.0,0.0,0.0,B
53392322X,1.0,1.0,12000.0,1.0,C
53393285L,1.0,1.0,3000.0,1.0,C
53394610K,1.0,1.0,0.0,0.0,B
53394633J,1.0,0.0,500.0,1.0,C
53395100C,1.0,1.0,0.0,0.0,B
53397248E,1.0,1.0,50000.0,1.0,C
53397824J,1.0,0.0,0.0,0.0,B
53399082C,1.0,0.0,20.0,1.0,C
53399162E,1.0,0.0,60000.0,1.0,C
53399851D,1.0,1.0,60000.0,1.0,C
53400263C,1.0,1.0,0.0,0.0,B
53400399X,1.0,0.0,0.0,0.0,B
53401137C,1.0,1.0,10000.0,1.0,C
53401388X,1.0,1.0,0.0,0.0,B
53401949L,1.0,0.0,20000.0,1.0,C
53402343J,1.0,1.0,850000.0,1.0,C
53403578K,1.0,0.0,10.0,1.0,C
53403672D,1.0,1.0,0.0,0.0,B
53403783J,1.0,1.0,0.0,0.0,B
53403930L,1.0,1.0,0.0,0.0,B
53405922L,1.0,0.0,1500.0,1.0,C
53407053A,1.0,0.0,49000.0,1.0,C
53408942M,1.0,1.0,0.0,0.0,B
53408971B,1.0,1.0,0.0,0.0,B
53409165B,1.0,1.0,0.0,0.0,B
53418260K,1.0,1.0,500.0,1.0,C
53420528C,1.0,1.0,0.0,0.0,B
53421783D,1.0,1.0,0.0,0.0,B
53422515B,1.0,1.0,0.0,0.0,B
53423030W,1.0,1.0,66114.0,1.0,C
53426158B,1.0,0.0,86534.0,1.0,C
53430731X,1.0,1.0,10000.0,1.0,C
53433678K,1.0,1.0,96000.0,1.0,C
53434459C,1.0,1.0,0.0,0.0,B
53438621X,1.0,0.0,0.0,0.0,B
R90SS0003D,1.0,1.0,0.0,0.0,B
S07SS0002J,1.0,1.0,0.0,0.0,B
S23SS0003B,1.0,1.0,0.0,0.0,B
S24SS0001D,1.0,1.0,0.0,0.0,B
S25SS0004H,1.0,1.0,0.0,0.0,B
S31SS0003F,1.0,1.0,0.0,0.0,B
S39SS0013G,1.0,1.0,0.0,0.0,B
S40SS0011F,1.0,1.0,5000.0,1.0,C
S41SS0008L,1.0,1.0,0.0,0.0,B
S41SS0014K,1.0,0.0,0.0,0.0,B
S46TU0001K,1.0,1.0,0.0,0.0,B
S47TU0027A,1.0,1.0,0.0,0.0,B
S50SS0006F,1.0,1.0,0.0,0.0,B
S60SS0016C,1.0,1.0,0.0,0.0,B
S60SS0023J,1.0,1.0,0.0,0.0,B
S61SS0085C,1.0,1.0,3670000.0,1.0,C
S61SS0111H,1.0,1.0,0.0,0.0,B
S61SS0180C,1.0,1.0,0.0,0.0,B
S62SS0026G,1.0,1.0,0.0,0.0,B
S62SS0063F,1.0,0.0,0.0,0.0,B
S63SS0005F,1.0,1.0,0.0,0.0,B
S63SS0016G,1.0,1.0,0.0,0.0,B
S64SS0017H,1.0,1.0,0.0,0.0,B
S64SS0018D,1.0,0.0,0.0,0.0,B
S64SS0024C,1.0,1.0,0.0,0.0,B
S64SS0034H,1.0,1.0,0.0,0.0,B
S64SS0047A,1.0,1.0,0.0,0.0,B
S65SS0003B,1.0,1.0,0.0,0.0,B
S66SS0029D,1.0,1.0,0.0,0.0,B
S66SS0032D,1.0,1.0,0.0,0.0,B
S67TU0462L,1.0,1.0,0.0,0.0,B
S68SS0030L,1.0,0.0,0.0,0.0,B
S70SS0023A,1.0,1.0,0.0,0.0,B
S71CS0164D,1.0,0.0,8000.0,1.0,C
S71SS0008J,1.0,1.0,0.0,0.0,B
S72FC2182K,1.0,1.0,0.0,0.0,B
S73SS0007A,1.0,1.0,0.0,0.0,B
S74SS0014A,1.0,1.0,0.0,0.0,B
S75FC2524F,1.0,1.0,0.0,0.0,B
S76CS0177L,1.0,1.0,0.0,0.0,B
S76SS0008A,1.0,1.0,0.0,0.0,B
S77SS0021L,1.0,1.0,0.0,0.0,B
S78SS0030C,1.0,1.0,0.0,0.0,B
S78SS0038D,1.0,1.0,0.0,0.0,B
S81TU0506J,1.0,1.0,0.0,0.0,B
S82SS0080A,1.0,1.0,0.0,0.0,B
S85SS0065H,1.0,0.0,0.0,0.0,B
S88CC0564J,1.0,1.0,0.0,0.0,B
S88FC3834D,1.0,1.0,0.0,0.0,B
S88SS0019D,1.0,1.0,0.0,0.0,B
S89CC0669G,1.0,1.0,0.0,0.0,B
S90FC4151K,1.0,1.0,0.0,0.0,B
S90SS0004D,1.0,0.0,0.0,0.0,B
S91SS0007H,1.0,1.0,20000.0,1.0,C
S92CC0900J,1.0,1.0,0.0,0.0,B
S93SS0051A,1.0,0.0,0.0,0.0,B
S93SS0058F,1.0,1.0,33000.0,1.0,C
S94SS0002K,1.0,0.0,0.0,0.0,B
S95FC4999F,1.0,1.0,0.0,0.0,B
S97FC5457G,1.0,1.0,0.0,0.0,B
S98FC5653K,1.0,1.0,0.0,0.0,B
S99SS0097E,1.0,1.0,0.0,0.0,B
T04FC6607E,1.0,1.0,0.0,0.0,B
T05LL0330J,1.0,1.0,2300.0,1.0,C
T05LL0474D,1.0,1.0,0.0,0.0,B
T05LL0827H,1.0,0.0,0.0,0.0,B
T05LL1155H,1.0,1.0,476.0,1.0,C
T06LL0739H,1.0,1.0,110000.0,1.0,C
T06LL0882H,1.0,1.0,109800.0,1.0,C
T06LL1135C,1.0,0.0,0.0,0.0,B
T07LL0848B,1.0,1.0,24300.0,1.0,C
T08CC4061K,1.0,1.0,0.0,0.0,B
T08FC7275G,1.0,1.0,0.0,0.0,B
T08LL0804C,1.0,1.0,0.0,0.0,B
T09LL0161C,1.0,1.0,9086.0,1.0,C
T09LL1050B,1.0,0.0,0.0,0.0,B
T09LL1235J,1.0,1.0,0.0,0.0,B
T09LL1915B,1.0,1.0,5000.0,1.0,C
T10LL1092E,1.0,1.0,10000.0,1.0,C
T10LL1993H,1.0,1.0,100.0,1.0,C
T11CC0007D,1.0,1.0,1700000.0,1.0,C
T11LL0228H,1.0,1.0,0.0,0.0,B
T11LL0713L,1.0,1.0,0.0,0.0,B
T11LL1314A,1.0,1.0,0.0,0.0,B
T11LL2236C,1.0,0.0,0.0,0.0,B
T12LL1173C,1.0,1.0,0.0,0.0,B
T12LL1481L,1.0,1.0,0.0,0.0,B
T12SS0178D,1.0,1.0,0.0,0.0,B
T13LL0252B,1.0,1.0,50000.0,1.0,C
T13LL0740D,1.0,1.0,0.0,0.0,B
T13LL0946F,1.0,1.0,2000.0,1.0,C
T13LL1888G,1.0,0.0,240.0,1.0,C
T13LL2138C,1.0,1.0,500000.0,1.0,C
T13SS0096C,1.0,1.0,0.0,0.0,B
T14LL0456F,1.0,1.0,14000.0,1.0,C
T14LL0934C,1.0,1.0,500.0,1.0,C
T14LL1192E,1.0,1.0,360000.0,1.0,C
T14LL1512F,1.0,1.0,363.0,1.0,C
T14LL1657H,1.0,1.0,0.0,0.0,B
T14LL2809C,1.0,1.0,0.0,0.0,B
T15FC0126E,1.0,1.0,3000.0,1.0,C
T15LL1090E,1.0,1.0,20000.0,1.0,C
T15LL1705J,1.0,1.0,0.0,0.0,B
T16LL0706H,1.0,1.0,0.0,0.0,B
T16LL2256E,1.0,1.0,5000.0,1.0,C
T16LP0001L,1.0,1.0,0.0,0.0,B
T17GB0002A,1.0,1.0,6970065.0,1.0,C
T17LL1676D,1.0,1.0,6000.0,1.0,C
T17LL1689H,1.0,1.0,0.0,0.0,B
T18FC0037H,1.0,1.0,0.0,0.0,B
T18LL0330E,1.0,1.0,0.0,0.0,B
T19FC0117E,1.0,1.0,0.0,0.0,B
T19LL0365E,1.0,1.0,0.0,0.0,B
T19LL0572D,1.0,1.0,0.0,0.0,B
T19LL1333L,1.0,1.0,150000.0,1.0,C
T20LL1180B,1.0,1.0,800000.0,1.0,C
T20LL1206F,1.0,0.0,10000.0,1.0,C
T20LL1526L,1.0,1.0,100000.0,1.0,C
T20LL1671C,1.0,1.0,100000.0,1.0,C
T20LL2044K,1.0,1.0,0.0,0.0,B
T21LL0314B,1.0,1.0,0.0,0.0,B
